서비스ID,서비스명,소관기관,분야,지원유형,대상 연령(최소),대상 연령(최대),청년 관련 근거,보조금24 주소
116010000001,주택금융공사 월세자금보증,한국주택금융공사,주거·자립,기타||상담/법률지원,19,35,연령조건,https://www.gov.kr/portal/rcvfvrSvc/dtlEx/116010000001
119200000176,해양문화행사 및 해양영토 대장정,해양수산부,문화·환경,기타||문화/여가지원,,120,본문,https://www.gov.kr/portal/rcvfvrSvc/dtlEx/119200000176
129000000013,전역예정군인 재취업 지원,국방부,고용·창업,상담/법률지원||서비스(일자리),18,32,연령조건,https://www.gov.kr/portal/rcvfvrSvc/dtlEx/129000000013
129000000015,전역예정장병 취업활동지원,국방부,고용·창업,서비스(일자리),18,120,본문,https://www.gov.kr/portal/rcvfvrSvc/dtlEx/129000000015
129000000081,맞춤형 e북 지원,국방부,보육·교육,현금,18,37,연령조건,https://www.gov.kr/portal/rcvfvrSvc/dtlEx/129000000081
134200000046,중소기업 취업연계 장학금 (희망사다리Ⅰ유형),교육부,보육·교육,현금(장학금),,120,본문,https://www.gov.kr/portal/rcvfvrSvc/dtlEx/134200000046
134200005002,국가장학금 Ⅱ유형 (대학자체노력연계형),교육부,보육·교육,현금(장학금),18,34,연령조건,https://www.gov.kr/portal/rcvfvrSvc/dtlEx/134200005002
135200000099,군인 금연 지원,보건복지부,보건·의료,서비스(의료)||의료지원,18,31,연령조건,https://www.gov.kr/portal/rcvfvrSvc/dtlEx/135200000099
135200005002,긴급복지 해산비 지원,보건복지부,생활안정,현금,18,44,연령조건,https://www.gov.kr/portal/rcvfvrSvc/dtlEx/135200005002
135200005013,자산형성지원사업(청년내일저축계좌),보건복지부,주거·자립,현금,15,39,명칭,https://www.gov.kr/portal/rcvfvrSvc/dtlEx/135200005013
137100000032,문화로 치유 지원,문화체육관광부,문화·환경,기타(교육),,120,본문,https://www.gov.kr/portal/rcvfvrSvc/dtlEx/137100000032
137100000217,글로벌 광고인재 육성,문화체육관광부,문화·환경,기타(교육),,120,본문,https://www.gov.kr/portal/rcvfvrSvc/dtlEx/137100000217
138300000009,결혼이민예정자 현지사전교육 지원,성평등가족부,보육·교육,기타(교육),18,44,연령조건,https://www.gov.kr/portal/rcvfvrSvc/dtlEx/138300000009
138300000020,폭력 피해 이주여성 보호시설 운영 지원,성평등가족부,보호·돌봄,기타,18,44,연령조건,https://www.gov.kr/portal/rcvfvrSvc/dtlEx/138300000020
138300000055,경력보유여성 등 취업지원,성평등가족부,고용·창업,서비스(일자리),18,120,본문,https://www.gov.kr/portal/rcvfvrSvc/dtlEx/138300000055
140000000177,산림복지진흥원이 운영하는 산림복지시설의 산림복지소외자 지원,산림청,문화·환경,기타||문화/여가지원,,,본문,https://www.gov.kr/portal/rcvfvrSvc/dtlEx/140000000177
142000000085,중소기업 인식개선 교육 등,중소벤처기업부,고용·창업,기타(교육),19,120,본문,https://www.gov.kr/portal/rcvfvrSvc/dtlEx/142000000085
142100000037,청년상인 육성 지원,중소벤처기업부,고용·창업,기타(교육),,,명칭,https://www.gov.kr/portal/rcvfvrSvc/dtlEx/142100000037
148000000003,중소환경기업 사업화 지원,기후에너지환경부,문화·환경,현금,,,본문,https://www.gov.kr/portal/rcvfvrSvc/dtlEx/148000000003
149200000032,장애인 직업 능력 개발 지원,고용노동부,고용·창업,현금,15,120,본문,https://www.gov.kr/portal/rcvfvrSvc/dtlEx/149200000032
149200000041,중장년내일센터,고용노동부,고용·창업,서비스(일자리),40,64,본문,https://www.gov.kr/portal/rcvfvrSvc/dtlEx/149200000041
149200000092,구직자 취업지원 서비스 제공,고용노동부,고용·창업,상담/법률지원||서비스(일자리),18,60,본문,https://www.gov.kr/portal/rcvfvrSvc/dtlEx/149200000092
149200000146,심리안정지원 프로그램,고용노동부,고용·창업,기타(상담)||상담/법률지원||서비스(일자리),18,64,본문,https://www.gov.kr/portal/rcvfvrSvc/dtlEx/149200000146
149200005001,직업능력개발수당,고용노동부,고용·창업,현금,19,64,본문,https://www.gov.kr/portal/rcvfvrSvc/dtlEx/149200005001
149200005002,광역구직활동비,고용노동부,고용·창업,현금,19,65,본문,https://www.gov.kr/portal/rcvfvrSvc/dtlEx/149200005002
149200005008,자영업자 실업급여,고용노동부,고용·창업,현금,,,본문,https://www.gov.kr/portal/rcvfvrSvc/dtlEx/149200005008
154300000321,귀농귀촌종합센터 운영,농림축산식품부,보육·교육,기타||기타(교육)||민원||상담/법률지원,18,120,본문,https://www.gov.kr/portal/rcvfvrSvc/dtlEx/154300000321
154300000329,식생활교육 지원,농림축산식품부,보육·교육,기타(교육),,120,본문,https://www.gov.kr/portal/rcvfvrSvc/dtlEx/154300000329
154300000330,바른 식생활교육 지원(지자체사업),농림축산식품부,보육·교육,기타(교육),,120,본문,https://www.gov.kr/portal/rcvfvrSvc/dtlEx/154300000330
154300000391,한국농수산대학교 졸업생 영농영어정착 우수과제사업,농림축산식품부,농림축산어업,현금,19,40,연령조건,https://www.gov.kr/portal/rcvfvrSvc/dtlEx/154300000391
154300000397,경영실습 임대농장 조성,농림축산식품부,보육·교육,기타||기타(교육),19,39,연령조건,https://www.gov.kr/portal/rcvfvrSvc/dtlEx/154300000397
161300000101,통합공공임대주택 공급,국토교통부,주거·자립,기타,18,200,본문,https://www.gov.kr/portal/rcvfvrSvc/dtlEx/161300000101
300000000111,가정위탁아동 및 입양가정 지원,서울특별시 종로구,보호·돌봄,현금,18,44,연령조건,https://www.gov.kr/portal/rcvfvrSvc/dtlEx/300000000111
300000000149,취업 상담·알선 서비스 제공(종로 일자리플러스센터 운영),서울특별시 종로구,고용·창업,서비스(일자리),18,120,본문,https://www.gov.kr/portal/rcvfvrSvc/dtlEx/300000000149
300000000151,멘토링 지원,서울특별시 종로구,보육·교육,서비스(일자리),14,19,본문,https://www.gov.kr/portal/rcvfvrSvc/dtlEx/300000000151
300000000164,종로구 동행일자리사업,서울특별시 종로구,생활안정,서비스(일자리),18,120,본문,https://www.gov.kr/portal/rcvfvrSvc/dtlEx/300000000164
301000000129,저소득계층 대학생 교통비 지원,서울특별시 중구,보육·교육,현금,18,34,연령조건,https://www.gov.kr/portal/rcvfvrSvc/dtlEx/301000000129
301000000133,입양축하금 지급(비장애아동),서울특별시 중구,보호·돌봄,현금,18,44,연령조건,https://www.gov.kr/portal/rcvfvrSvc/dtlEx/301000000133
303000000325,청년 행정체험단 운영,서울특별시 성동구,고용·창업,서비스(일자리),19,29,명칭,https://www.gov.kr/portal/rcvfvrSvc/dtlEx/303000000325
304000000162,청년 행정아르바이트,서울특별시 광진구,고용·창업,서비스(일자리),19,29,명칭,https://www.gov.kr/portal/rcvfvrSvc/dtlEx/304000000162
304000000232,광진구 장학금 지원,서울특별시 광진구,보육·교육,현금,6,120,본문,https://www.gov.kr/portal/rcvfvrSvc/dtlEx/304000000232
305000000119,동대문구 미취업청년 자격취득 활동비 지원,서울특별시 동대문구,고용·창업,기타,19,39,명칭,https://www.gov.kr/portal/rcvfvrSvc/dtlEx/305000000119
305000000147,1인가구 안심장비 지원사업,서울특별시 동대문구,행정·안전,현물,18,120,본문,https://www.gov.kr/portal/rcvfvrSvc/dtlEx/305000000147
305000000152,대학생 학습멘토링 프로그램 운영,서울특별시 동대문구,보육·교육,기타(교육),6,19,본문,https://www.gov.kr/portal/rcvfvrSvc/dtlEx/305000000152
305000000168,세대융합형 성공창업 지원,서울특별시 동대문구,고용·창업,기타(교육),19,65,본문,https://www.gov.kr/portal/rcvfvrSvc/dtlEx/305000000168
305000000288,동대문구 1인가구 청년 건강검진,서울특별시 동대문구,보건·의료,서비스(의료),19,39,명칭,https://www.gov.kr/portal/rcvfvrSvc/dtlEx/305000000288
306000000224,중랑 미취업 청년 자격증 응시료 지원,서울특별시 중랑구,고용·창업,현금,19,39,명칭,https://www.gov.kr/portal/rcvfvrSvc/dtlEx/306000000224
306000000233,중랑청년청 운영,서울특별시 중랑구,보육·교육,시설이용,19,39,명칭,https://www.gov.kr/portal/rcvfvrSvc/dtlEx/306000000233
307000000102,미혼 한부모 자녀 의료비 지원,서울특별시 성북구,보건·의료,서비스(의료),18,44,연령조건,https://www.gov.kr/portal/rcvfvrSvc/dtlEx/307000000102
307000000163,청년 행정체험단,서울특별시 성북구,고용·창업,서비스(일자리),19,29,명칭,https://www.gov.kr/portal/rcvfvrSvc/dtlEx/307000000163
308000000106,강북구 장학생 선발,서울특별시 강북구,보육·교육,현금(장학금),19,34,연령조건,https://www.gov.kr/portal/rcvfvrSvc/dtlEx/308000000106
308000000119,입양축하금 지원,서울특별시 강북구,보호·돌봄,현금,18,44,연령조건,https://www.gov.kr/portal/rcvfvrSvc/dtlEx/308000000119
309000000137,지역인재육성을 위한 장학금 지원,서울특별시 도봉구,보육·교육,현금(장학금),,120,본문,https://www.gov.kr/portal/rcvfvrSvc/dtlEx/309000000137
310000000101,아동복지시설 만기퇴소 청소년 자립정착금 지원,서울특별시 노원구,주거·자립,현금,18,19,본문,https://www.gov.kr/portal/rcvfvrSvc/dtlEx/310000000101
310000000107,청년일경험 지원,서울특별시 노원구,고용·창업,현금,18,39,명칭,https://www.gov.kr/portal/rcvfvrSvc/dtlEx/310000000107
310000000129,전문멘토 - 언제든 기댈 수 있는 어른,서울특별시 노원구,주거·자립,현금,,120,본문,https://www.gov.kr/portal/rcvfvrSvc/dtlEx/310000000129
311000000131,청년 창업인의 집 운영,서울특별시 은평구,고용·창업,시설이용,19,39,명칭,https://www.gov.kr/portal/rcvfvrSvc/dtlEx/311000000131
311000000142,은평자준청 운영,서울특별시 은평구,보호·돌봄,기타(교육)||기타(상담),15,34,연령조건,https://www.gov.kr/portal/rcvfvrSvc/dtlEx/311000000142
311000000225,1인가구 전입 생활 지원 은빛SOL 라이프,서울특별시 은평구,생활안정,현물,19,64,본문,https://www.gov.kr/portal/rcvfvrSvc/dtlEx/311000000225
312000000123,장애인 양육비용 지원,서울특별시 서대문구,보육·교육,현금,18,44,연령조건,https://www.gov.kr/portal/rcvfvrSvc/dtlEx/312000000123
313000000155,(마포구)청년 면접정장 대여사업,서울특별시 마포구,생활안정,현물,18,39,명칭,https://www.gov.kr/portal/rcvfvrSvc/dtlEx/313000000155
314000000107,양천구 장학금 지원,서울특별시 양천구,보육·교육,현금(장학금),,120,본문,https://www.gov.kr/portal/rcvfvrSvc/dtlEx/314000000107
314000000254,양천구 청년 국가자격시험 응시료 지원,서울특별시 양천구,고용·창업,현금,19,39,명칭,https://www.gov.kr/portal/rcvfvrSvc/dtlEx/314000000254
314000000267,청년 취업교육 프로그램 지원,서울특별시 양천구,고용·창업,기타(교육),19,39,명칭,https://www.gov.kr/portal/rcvfvrSvc/dtlEx/314000000267
315000000266,강서구 사랑의 PC 나눔센터,서울특별시 강서구,보육·교육,현물,,120,본문,https://www.gov.kr/portal/rcvfvrSvc/dtlEx/315000000266
315000000269,강서구 전세피해지원금(청년 월세) 지원,서울특별시 강서구,생활안정,현금,18,120,명칭,https://www.gov.kr/portal/rcvfvrSvc/dtlEx/315000000269
316000000142,구로형 자립정착금,서울특별시 구로구,주거·자립,현금,18,20,본문,https://www.gov.kr/portal/rcvfvrSvc/dtlEx/316000000142
317000000111,국내 입양가정 입양축하금 지원,서울특별시 금천구,보호·돌봄,현금,18,44,연령조건,https://www.gov.kr/portal/rcvfvrSvc/dtlEx/317000000111
318000000103,영등포 장학금 지원,재단법인영등포구미래교육재단,보육·교육,현금(장학금),,120,본문,https://www.gov.kr/portal/rcvfvrSvc/dtlEx/318000000103
318000000413,청년 국가자격시험 응시료 지원,서울특별시 영등포구,고용·창업,현금,19,39,명칭,https://www.gov.kr/portal/rcvfvrSvc/dtlEx/318000000413
318000000414,취약계층을 위한 공공일자리 제공,서울특별시 영등포구,고용·창업,서비스(일자리),18,120,본문,https://www.gov.kr/portal/rcvfvrSvc/dtlEx/318000000414
318000000431,청년 중개보수 감면 사업,서울특별시 영등포구,주거·자립,현금(감면),19,39,명칭,https://www.gov.kr/portal/rcvfvrSvc/dtlEx/318000000431
319000000128,동작 청년내일근속지원,서울특별시 동작구,고용·창업,현금,15,39,명칭,https://www.gov.kr/portal/rcvfvrSvc/dtlEx/319000000128
319000000151,창업지원센터 운영,서울특별시 동작구,고용·창업,시설이용,18,120,본문,https://www.gov.kr/portal/rcvfvrSvc/dtlEx/319000000151
320000000102,으뜸관악 청년통장 지원,서울특별시 관악구,고용·창업,현금,18,34,명칭,https://www.gov.kr/portal/rcvfvrSvc/dtlEx/320000000102
320000000124,관악 청년 1인 가구 안심 건강검진,서울특별시 관악구,보건·의료,서비스(의료),19,39,명칭,https://www.gov.kr/portal/rcvfvrSvc/dtlEx/320000000124
320000000298,관악 미취업청년 어학자격시험 응시료 지원,서울특별시 관악구,고용·창업,현금,19,39,명칭,https://www.gov.kr/portal/rcvfvrSvc/dtlEx/320000000298
321000000114,서리풀 희망사다리 프로젝트 자립준비청년(보호종료아동) 생활보조수당 지원,서울특별시 서초구,생활안정,현금,17,18,명칭,https://www.gov.kr/portal/rcvfvrSvc/dtlEx/321000000114
321000000115,서리풀 희망사다리 프로젝트 자립준비청년(보호종료아동) 교육비 지원,서울특별시 서초구,보육·교육,현금,17,18,명칭,https://www.gov.kr/portal/rcvfvrSvc/dtlEx/321000000115
321000000117,서초구 마음건강검진 및 상담지원사업,서울특별시 서초구,보건·의료,서비스(의료),19,120,본문,https://www.gov.kr/portal/rcvfvrSvc/dtlEx/321000000117
321000000121,서리풀 희망사다리 프로젝트 자립준비청년(보호종료아동) 자립정착금 지원,서울특별시 서초구,주거·자립,현금,17,18,명칭,https://www.gov.kr/portal/rcvfvrSvc/dtlEx/321000000121
321000000123,서리풀 희망사다리 프로젝트 자립준비청년(보호종료아동) 자립컨설팅 지원,서울특별시 서초구,주거·자립,기타(교육),17,18,명칭,https://www.gov.kr/portal/rcvfvrSvc/dtlEx/321000000123
328000000116,영도구↔베트남 대학생 친선교류 및 연수 참가 지원,부산광역시 영도구,보육·교육,기타,,120,본문,https://www.gov.kr/portal/rcvfvrSvc/dtlEx/328000000116
328000000143,영도구 청년 창업자 임차료 지원,부산광역시 영도구,고용·창업,현금,,,명칭,https://www.gov.kr/portal/rcvfvrSvc/dtlEx/328000000143
328000000152,청년동아리활동 지원,부산광역시 영도구,문화·환경,현금,19,39,명칭,https://www.gov.kr/portal/rcvfvrSvc/dtlEx/328000000152
330000000110,수민동장학회 장학금,부산광역시 동래구,보육·교육,현금,,120,본문,https://www.gov.kr/portal/rcvfvrSvc/dtlEx/330000000110
330000000111,충렬장학회 장학생 선발 및 장학금 지원,부산광역시 동래구,보육·교육,현금,,120,본문,https://www.gov.kr/portal/rcvfvrSvc/dtlEx/330000000111
330000000112,온천1동새마을장학회 장학금 지원,부산광역시 동래구,보육·교육,현금,,120,본문,https://www.gov.kr/portal/rcvfvrSvc/dtlEx/330000000112
330000000115,명륜동 장학회(장학금 지원사업),부산광역시 동래구,보육·교육,현금(장학금),,120,본문,https://www.gov.kr/portal/rcvfvrSvc/dtlEx/330000000115
330000000118,복산동 장학회 장학금 지급,부산광역시 동래구,보육·교육,현금,,120,본문,https://www.gov.kr/portal/rcvfvrSvc/dtlEx/330000000118
330000000120,명장1동 장학회 장학금 지원,부산광역시 동래구,보육·교육,현금(장학금),,120,본문,https://www.gov.kr/portal/rcvfvrSvc/dtlEx/330000000120
330000000124,(재)동래장학회 장학생 선발,부산광역시 동래구,생활안정,현금,16,34,연령조건,https://www.gov.kr/portal/rcvfvrSvc/dtlEx/330000000124
331000000105,동래학숙 운영,부산광역시 동래구,생활안정,기타,,120,본문,https://www.gov.kr/portal/rcvfvrSvc/dtlEx/331000000105
331000000121,부산 남구 청년 자격시험 응시료 지원,부산광역시 남구,생활안정,현금,18,39,명칭,https://www.gov.kr/portal/rcvfvrSvc/dtlEx/331000000121
331000000122,부산 남구 청년 자기개발 도서구입비 지원,부산광역시 남구,고용·창업,현금,18,39,명칭,https://www.gov.kr/portal/rcvfvrSvc/dtlEx/331000000122
333000000380,해운대구 저소득층 청소년 장학금 지원,부산광역시 해운대구,생활안정,현금(장학금),13,120,본문,https://www.gov.kr/portal/rcvfvrSvc/dtlEx/333000000380
333000000507,해운대구 청년 구직활동비 지원,부산광역시 해운대구,고용·창업,현금,19,39,명칭,https://www.gov.kr/portal/rcvfvrSvc/dtlEx/333000000507
334000000121,자격증 등 응시료 지원,부산광역시 사하구,고용·창업,현금,18,39,연령조건,https://www.gov.kr/portal/rcvfvrSvc/dtlEx/334000000121
337000000484,연제구 면접사진 촬영비 지원,부산광역시 연제구,고용·창업,현금,18,64,본문,https://www.gov.kr/portal/rcvfvrSvc/dtlEx/337000000484
338000000116,풍진검사 지원,부산광역시 수영구,보건·의료,서비스(의료),18,44,연령조건,https://www.gov.kr/portal/rcvfvrSvc/dtlEx/338000000116
338000000417,청년 구정참여 마일리지 및 인센티브 제공,부산광역시 수영구,생활안정,기타,18,39,명칭,https://www.gov.kr/portal/rcvfvrSvc/dtlEx/338000000417
338000000418,청년 사업자 및 창업자 월 임차료 지원,부산광역시 수영구,생활안정,현금,,,명칭,https://www.gov.kr/portal/rcvfvrSvc/dtlEx/338000000418
338000000422,청년 자격증 취득 응시료 지원,부산광역시 수영구,고용·창업,현금,18,39,명칭,https://www.gov.kr/portal/rcvfvrSvc/dtlEx/338000000422
339000000244,청년면접컨설팅 「면접 A to Z」 운영,부산광역시 사상구,고용·창업,기타(교육),19,39,명칭,https://www.gov.kr/portal/rcvfvrSvc/dtlEx/339000000244
341000000312,청년 사업자 임대료 지원 사업,대구광역시 중구,고용·창업,현금,19,39,명칭,https://www.gov.kr/portal/rcvfvrSvc/dtlEx/341000000312
341000000313,청년 부동산중개보수 및 이사비 지원사업,대구광역시 중구,주거·자립,현금,19,39,명칭,https://www.gov.kr/portal/rcvfvrSvc/dtlEx/341000000313
343000000101,서구인재육성재단 장학금(성적우수),대구광역시 서구,보육·교육,현금(장학금),,120,본문,https://www.gov.kr/portal/rcvfvrSvc/dtlEx/343000000101
343000000105,서구인재육성재단 장학금(진학),대구광역시 서구,보육·교육,현금(장학금),,120,본문,https://www.gov.kr/portal/rcvfvrSvc/dtlEx/343000000105
343000000106,서구인재육성재단 장학금(희망),대구광역시 서구,보육·교육,현금(장학금),,120,본문,https://www.gov.kr/portal/rcvfvrSvc/dtlEx/343000000106
343000000113,예비부부(부모) 무료 건강검진 지원,대구광역시 서구,보건·의료,서비스(의료),18,44,연령조건,https://www.gov.kr/portal/rcvfvrSvc/dtlEx/343000000113
344000000101,아동복지시설 퇴소자 지원,대구광역시 남구,생활안정,현금,18,19,본문,https://www.gov.kr/portal/rcvfvrSvc/dtlEx/344000000101
344000000116,미취업 청년 자격증 응시료 지원,대구광역시 남구,고용·창업,현금,18,39,명칭,https://www.gov.kr/portal/rcvfvrSvc/dtlEx/344000000116
346000000105,자립준비청년 자립정착금,대구광역시 수성구,주거·자립,현금,17,18,명칭,https://www.gov.kr/portal/rcvfvrSvc/dtlEx/346000000105
347000000102,달서인재육성장학재단 성적우수 장학금,대구광역시 달서구,보육·교육,현금(장학금),,120,본문,https://www.gov.kr/portal/rcvfvrSvc/dtlEx/347000000102
347000000104,달서인재육성장학재단 특기 장학금,대구광역시 달서구,보육·교육,현금(장학금),,120,본문,https://www.gov.kr/portal/rcvfvrSvc/dtlEx/347000000104
347000000501,달서구 청년부부 결혼축하금 지원,대구광역시 달서구,생활안정,현물,19,39,명칭,https://www.gov.kr/portal/rcvfvrSvc/dtlEx/347000000501
348000000377,가업승계 농업인 지원,대구광역시 달성군,농림축산어업,현금,18,40,연령조건,https://www.gov.kr/portal/rcvfvrSvc/dtlEx/348000000377
350000000107,청년 정책 활성화 지원,인천광역시 제물포구,고용·창업,현금,19,39,명칭,https://www.gov.kr/portal/rcvfvrSvc/dtlEx/350000000107
351050000107,장애인 전국체전 선수 지원,인천광역시 미추홀구,행정·안전,현금,17,40,연령조건,https://www.gov.kr/portal/rcvfvrSvc/dtlEx/351050000107
351050000112,장애인 우수선수 활동지원비 지원,인천광역시 미추홀구,행정·안전,현금,15,40,연령조건,https://www.gov.kr/portal/rcvfvrSvc/dtlEx/351050000112
351050000121,인천 미추홀구 청년 커뮤니티 활성화 지원,인천광역시 미추홀구,주거·자립,현금,18,39,명칭,https://www.gov.kr/portal/rcvfvrSvc/dtlEx/351050000121
351050000123,미추홀구 청년 면접수당 지원,인천광역시 미추홀구,고용·창업,현금,18,39,명칭,https://www.gov.kr/portal/rcvfvrSvc/dtlEx/351050000123
352000000113,(재)연수큰재장학재단 장학생 선발,인천광역시 연수구,보육·교육,현금(장학금),6,30,본문,https://www.gov.kr/portal/rcvfvrSvc/dtlEx/352000000113
353000000105,자립준비청년(보호종료아동) 자립정착금 지원,인천광역시 남동구,주거·자립,현금,18,120,명칭,https://www.gov.kr/portal/rcvfvrSvc/dtlEx/353000000105
357000000117,시간제청년근로자 장려금 지원,인천광역시 강화군,고용·창업,현금,19,29,명칭,https://www.gov.kr/portal/rcvfvrSvc/dtlEx/357000000117
358000000101,옹진군인재육성재단 예체능특기 장학금 지급,인천광역시 옹진군,보육·교육,현금(장학금),,120,본문,https://www.gov.kr/portal/rcvfvrSvc/dtlEx/358000000101
358000000103,옹진군인재육성재단 지역핵심인재 장학금 지급,인천광역시 옹진군,보육·교육,현금(장학금),,120,본문,https://www.gov.kr/portal/rcvfvrSvc/dtlEx/358000000103
358000000115,덕적면 주민장학금 지급,인천광역시 옹진군,보육·교육,현금(장학금),,120,본문,https://www.gov.kr/portal/rcvfvrSvc/dtlEx/358000000115
358000000118,옹진군인재육성재단 인재장학금 지급,인천광역시 옹진군,보육·교육,현금(장학금),,120,본문,https://www.gov.kr/portal/rcvfvrSvc/dtlEx/358000000118
358000000120,옹진군인재육성재단 복지 장학금 지급,인천광역시 옹진군,보육·교육,현금(장학금),,120,본문,https://www.gov.kr/portal/rcvfvrSvc/dtlEx/358000000120
358000000140,인천광역시 옹진군 청년 자격증 응시료 지원,인천광역시 옹진군,보육·교육,현금,18,49,명칭,https://www.gov.kr/portal/rcvfvrSvc/dtlEx/358000000140
359000000110,동구인재육성장학회 장학금 지원,전남광주통합특별시 동구,보육·교육,현금(장학금),17,30,연령조건,https://www.gov.kr/portal/rcvfvrSvc/dtlEx/359000000110
361000000106,가정위탁아동 자립준비금 지원,전남광주통합특별시 남구,주거·자립,현금,,17,본문,https://www.gov.kr/portal/rcvfvrSvc/dtlEx/361000000106
361000000116,(재)남구장학회 장학금 지원,전남광주통합특별시 남구,보육·교육,현금(장학금),,,본문,https://www.gov.kr/portal/rcvfvrSvc/dtlEx/361000000116
361000000541,청년 구직자 취업장려금 지원,전남광주통합특별시 남구,고용·창업,현금,19,39,명칭,https://www.gov.kr/portal/rcvfvrSvc/dtlEx/361000000541
362000000323,(재)광주 북구 장학회 장학생 지원,전남광주통합특별시 북구,보육·교육,현금,16,120,본문,https://www.gov.kr/portal/rcvfvrSvc/dtlEx/362000000323
363000000103,(재)광산장학회 장학금,전남광주통합특별시 광산구,보육·교육,현금(장학금),,120,본문,https://www.gov.kr/portal/rcvfvrSvc/dtlEx/363000000103
364000000105,대청장학금 지원,대전광역시 동구,보육·교육,현금(장학금),,120,본문,https://www.gov.kr/portal/rcvfvrSvc/dtlEx/364000000105
366000000103,대전 서구 고등·대학생 장학금(성적우수),대전광역시 서구,보육·교육,현금(장학금),16,39,연령조건,https://www.gov.kr/portal/rcvfvrSvc/dtlEx/366000000103
366000000108,대전 서구 고등·대학생 장학금(예체능 특기생),대전광역시 서구,보육·교육,현금(장학금),16,39,연령조건,https://www.gov.kr/portal/rcvfvrSvc/dtlEx/366000000108
366000000110,대전 서구 고등학생 장학금(저소득),대전광역시 서구,보육·교육,현금(장학금),16,39,연령조건,https://www.gov.kr/portal/rcvfvrSvc/dtlEx/366000000110
366000000127,대전 서구 고등 ·대학생 장학금(소상공인),대전광역시 서구,보육·교육,현금(장학금),16,39,연령조건,https://www.gov.kr/portal/rcvfvrSvc/dtlEx/366000000127
366000000688,대전 서구 고등 ·대학생 장학금(방위사업청 직원 자녀),대전광역시 서구,보육·교육,현금(장학금),16,120,본문,https://www.gov.kr/portal/rcvfvrSvc/dtlEx/366000000688
366000000689,대전 서구 고등 ·대학생 장학금(북한이탈주민 자녀),대전광역시 서구,보육·교육,현금(장학금),16,39,연령조건,https://www.gov.kr/portal/rcvfvrSvc/dtlEx/366000000689
366000000690,대전 서구 고등 ·대학생 장학금(우수자원봉사자),대전광역시 서구,보육·교육,현금(장학금),16,39,연령조건,https://www.gov.kr/portal/rcvfvrSvc/dtlEx/366000000690
366000000691,대전 서구 고등학생 장학금(다문화가족 자녀),대전광역시 서구,보육·교육,현금(장학금),16,39,연령조건,https://www.gov.kr/portal/rcvfvrSvc/dtlEx/366000000691
366000000692,대전 서구 고등 ·대학생 장학금(특수영상콘텐츠분야),대전광역시 서구,보육·교육,현금(장학금),16,39,연령조건,https://www.gov.kr/portal/rcvfvrSvc/dtlEx/366000000692
370000000101,저소득 미혼한부모가족 추가아동양육비 지원,울산광역시 남구,보육·교육,현금,18,44,연령조건,https://www.gov.kr/portal/rcvfvrSvc/dtlEx/370000000101
370000000116,근로능력있는 수급자의 탈수급 지원,울산광역시 남구,생활안정,현금,,120,본문,https://www.gov.kr/portal/rcvfvrSvc/dtlEx/370000000116
370000000129,청년 자격시험 응시료 지원,울산광역시 남구,고용·창업,현금,19,39,명칭,https://www.gov.kr/portal/rcvfvrSvc/dtlEx/370000000129
370000000130,청년 면접정장 무료대여사업 [행복드림 수트],울산광역시 남구,고용·창업,기타,19,39,명칭,https://www.gov.kr/portal/rcvfvrSvc/dtlEx/370000000130
373000000123,사랑이음 결혼식 지원,울산광역시 울주군,생활안정,현물,18,44,연령조건,https://www.gov.kr/portal/rcvfvrSvc/dtlEx/373000000123
374000000594,(수원시) 청나래,경기도 수원시,생활안정,현물,19,39,연령조건,https://www.gov.kr/portal/rcvfvrSvc/dtlEx/374000000594
374000000595,(수원시) 어학·자격시험 응시료 지원,경기도 수원시,주거·자립,현금,19,39,연령조건,https://www.gov.kr/portal/rcvfvrSvc/dtlEx/374000000595
378000000159,입양아동 양육수당(추가),경기도 성남시,생활안정,현금,18,44,연령조건,https://www.gov.kr/portal/rcvfvrSvc/dtlEx/378000000159
378000000167,성남시 다자녀가구 대학생 등록금 지원,경기도 성남시,임신·출산,현금,19,29,본문,https://www.gov.kr/portal/rcvfvrSvc/dtlEx/378000000167
382000000152,"의정부시 청년 취업비용 지원(면접정장 대여비, 이력서 사진 촬영비)",경기도 의정부시,고용·창업,이용권,18,39,명칭,https://www.gov.kr/portal/rcvfvrSvc/dtlEx/382000000152
382000000174,전세보증금반환보증 보증료 지원,경기도 의정부시,주거·자립,현금,18,120,본문,https://www.gov.kr/portal/rcvfvrSvc/dtlEx/382000000174
383000000113,안양 청년 월세 지원,경기도 안양시,주거·자립,현금,19,39,명칭,https://www.gov.kr/portal/rcvfvrSvc/dtlEx/383000000113
383000000133,안양청년옷장,경기도 안양시,고용·창업,이용권,19,39,명칭,https://www.gov.kr/portal/rcvfvrSvc/dtlEx/383000000133
383000000134,안양청년 면접스타일링,경기도 안양시,고용·창업,이용권,19,39,명칭,https://www.gov.kr/portal/rcvfvrSvc/dtlEx/383000000134
383000000135,대학생 행정체험연수,경기도 안양시,고용·창업,서비스(일자리),19,30,연령조건,https://www.gov.kr/portal/rcvfvrSvc/dtlEx/383000000135
383000000151,안양시 청년창업 특례보증,경기도 안양시,고용·창업,현금(융자),,,명칭,https://www.gov.kr/portal/rcvfvrSvc/dtlEx/383000000151
383000000154,기형아검사비 지원,경기도 안양시,보건·의료,현금(감면),18,44,연령조건,https://www.gov.kr/portal/rcvfvrSvc/dtlEx/383000000154
383000000155,예비부모 건강검진 지원(동안구),경기도 안양시,보건·의료,서비스(의료)||현물,18,44,연령조건,https://www.gov.kr/portal/rcvfvrSvc/dtlEx/383000000155
383000000165,청년창업 (기업) 상시지원,경기도 안양시,고용·창업,현금,,,명칭,https://www.gov.kr/portal/rcvfvrSvc/dtlEx/383000000165
383000000191,안양시 청년 학자금 대출 연체자 신용회복 지원,경기도 안양시,행정·안전,현금(감면),19,39,명칭,https://www.gov.kr/portal/rcvfvrSvc/dtlEx/383000000191
383000000209,2026년 청년 어학·자격시험 응시료 지원,경기도 안양시,행정·안전,현금,19,39,명칭,https://www.gov.kr/portal/rcvfvrSvc/dtlEx/383000000209
383000000553,안양시 청년 이사비 지원,경기도 안양시,생활안정,현금,19,39,명칭,https://www.gov.kr/portal/rcvfvrSvc/dtlEx/383000000553
390000000108,시설퇴소 및 가정위탁종결아동 자립정착금 지급,경기도 광명시,주거·자립,현금,18,19,본문,https://www.gov.kr/portal/rcvfvrSvc/dtlEx/390000000108
390000000429,광명시 입영지원금 지급,경기도 광명시,행정·안전,이용권,18,32,연령조건,https://www.gov.kr/portal/rcvfvrSvc/dtlEx/390000000429
391000000103,퇴소 및 보호종결아동 자립정착금 지원,경기도 평택시,주거·자립,현금,17,18,본문,https://www.gov.kr/portal/rcvfvrSvc/dtlEx/391000000103
391000000113,보호종료아동 자립수당,경기도 평택시,주거·자립,현금,17,18,본문,https://www.gov.kr/portal/rcvfvrSvc/dtlEx/391000000113
391000000152,청년 전월세보증금 대출이자 지원,경기도 평택시,생활안정,현금,19,39,명칭,https://www.gov.kr/portal/rcvfvrSvc/dtlEx/391000000152
392000000103,동두천시 대학생 애향 장학금,경기도 동두천시,보육·교육,현금(장학금),18,34,연령조건,https://www.gov.kr/portal/rcvfvrSvc/dtlEx/392000000103
392000000105,청년 합격지원세트 지원,경기도 동두천시,고용·창업,현금,19,39,명칭,https://www.gov.kr/portal/rcvfvrSvc/dtlEx/392000000105
392000000120,동두천시 대학생 주거지원 장학금,경기도 동두천시,보육·교육,현금(장학금),,120,본문,https://www.gov.kr/portal/rcvfvrSvc/dtlEx/392000000120
392000000162,신혼부부· 청년 전·월세 보증금 대출이자 지원,경기도 동두천시,주거·자립,현금,19,39,명칭,https://www.gov.kr/portal/rcvfvrSvc/dtlEx/392000000162
392000000166,청년동아리 활동지원,경기도 동두천시,문화·환경,현금,19,39,명칭,https://www.gov.kr/portal/rcvfvrSvc/dtlEx/392000000166
393000000104,다자녀 학자금 지원,경기도 안산시,보육·교육,현금,16,34,연령조건,https://www.gov.kr/portal/rcvfvrSvc/dtlEx/393000000104
393000000123,행복이음 장학금,재단법인안산인재육성재단,보육·교육,현금,6,34,본문,https://www.gov.kr/portal/rcvfvrSvc/dtlEx/393000000123
393000000129,산업체노동자 장학금,재단법인안산인재육성재단,보육·교육,현금(장학금),19,34,연령조건,https://www.gov.kr/portal/rcvfvrSvc/dtlEx/393000000129
393000000135,청년 창업·취업 학원비 지원,재단법인안산인재육성재단,고용·창업,현금(장학금),18,39,명칭,https://www.gov.kr/portal/rcvfvrSvc/dtlEx/393000000135
393000000139,안산꿈키움 장학금,재단법인안산인재육성재단,보육·교육,현금(장학금),16,34,연령조건,https://www.gov.kr/portal/rcvfvrSvc/dtlEx/393000000139
393000000269,안산시 청년부동산 중개보수 및 이사비 지원사업,경기도 안산시,생활안정,현금,19,39,명칭,https://www.gov.kr/portal/rcvfvrSvc/dtlEx/393000000269
394000000138,고양시 출산가구 전월세자금 대출이자 지원,경기도 고양시,임신·출산,현금,18,44,본문,https://www.gov.kr/portal/rcvfvrSvc/dtlEx/394000000138
397000000104,"과천시 청년 면접 모두드림(면접 정장, 헤어메이크업, 이력서 사진 지원)",경기도 과천시,고용·창업,현물,19,39,명칭,https://www.gov.kr/portal/rcvfvrSvc/dtlEx/397000000104
397000000116,대학생 전공교재비 지원,경기도 과천시,보육·교육,현금,,120,본문,https://www.gov.kr/portal/rcvfvrSvc/dtlEx/397000000116
397000000130,과천시 입영지원금 지급,경기도 과천시,생활안정,기타,19,37,연령조건,https://www.gov.kr/portal/rcvfvrSvc/dtlEx/397000000130
398000000123,구리시 입영지원금 지원,경기도 구리시,생활안정,기타,19,40,연령조건,https://www.gov.kr/portal/rcvfvrSvc/dtlEx/398000000123
399000000101,남양주시 장학금,경기도 남양주시,보육·교육,현금(장학금),,120,본문,https://www.gov.kr/portal/rcvfvrSvc/dtlEx/399000000101
399000000118,남양주시 입영지원금 지급,경기도 남양주시,생활안정,기타,19,40,연령조건,https://www.gov.kr/portal/rcvfvrSvc/dtlEx/399000000118
399000000398,남양주시 청년 이사비 지원,경기도 남양주시,주거·자립,현금,19,39,명칭,https://www.gov.kr/portal/rcvfvrSvc/dtlEx/399000000398
401000000485,시흥시 구직 청년 면접정장 대여사업「면접 흥하시흥」 운영,경기도 시흥시,고용·창업,기타,19,39,명칭,https://www.gov.kr/portal/rcvfvrSvc/dtlEx/401000000485
401000000507,시흥시 관내 대학생 지원금,경기도 시흥시,보육·교육,기타,19,35,연령조건,https://www.gov.kr/portal/rcvfvrSvc/dtlEx/401000000507
402000000126,군포시 청년 전월세 보증금 대출이자 지원,경기도 군포시,주거·자립,현금,19,39,명칭,https://www.gov.kr/portal/rcvfvrSvc/dtlEx/402000000126
402000000130,청년날개 면접정장 무료대여,경기도 군포시,고용·창업,현물,18,39,명칭,https://www.gov.kr/portal/rcvfvrSvc/dtlEx/402000000130
402000000147,청년 학자금대출 장기연체자 신용회복 지원,경기도 군포시,주거·자립,현금,19,39,명칭,https://www.gov.kr/portal/rcvfvrSvc/dtlEx/402000000147
403000000113,혼인신고자 기념품 증정,경기도 의왕시,행정·안전,현물,18,44,연령조건,https://www.gov.kr/portal/rcvfvrSvc/dtlEx/403000000113
403000000128,청년 취업(면접) 지원 패키지[면접정장 무료대여],경기도 의왕시,고용·창업,기타,19,39,명칭,https://www.gov.kr/portal/rcvfvrSvc/dtlEx/403000000128
403000000129,대학생 행정체험 아르바이트 운영,경기도 의왕시,고용·창업,서비스(일자리),18,34,연령조건,https://www.gov.kr/portal/rcvfvrSvc/dtlEx/403000000129
403000000154,청년 이사비 지원,경기도 의왕시,주거·자립,현금,19,39,명칭,https://www.gov.kr/portal/rcvfvrSvc/dtlEx/403000000154
403000000155,청년 취업(면접)지원 패키지[취업사진 촬영 및 헤어 메이크업 비용 지원],경기도 의왕시,생활안정,현금,19,39,명칭,https://www.gov.kr/portal/rcvfvrSvc/dtlEx/403000000155
403000000156,청년 구직활동지원금 지급,경기도 의왕시,고용·창업,현금,19,39,명칭,https://www.gov.kr/portal/rcvfvrSvc/dtlEx/403000000156
404000000122,입영지원금,경기도 하남시,행정·안전,이용권,19,30,연령조건,https://www.gov.kr/portal/rcvfvrSvc/dtlEx/404000000122
405000000629,한부모가족 복지시설 퇴소자 자립지원금 지원,경기도 용인시,주거·자립,현금,18,44,연령조건,https://www.gov.kr/portal/rcvfvrSvc/dtlEx/405000000629
405000000631,신혼부부 전세자금 대출이자 지원,경기도 용인시,주거·자립,현금,,120,본문,https://www.gov.kr/portal/rcvfvrSvc/dtlEx/405000000631
405000000644,장학재단 장학금(자립),경기도 용인시,보육·교육,현금(장학금),,120,본문,https://www.gov.kr/portal/rcvfvrSvc/dtlEx/405000000644
405000000652,장학재단 장학금(주거),경기도 용인시,보육·교육,현금(장학금),,120,본문,https://www.gov.kr/portal/rcvfvrSvc/dtlEx/405000000652
405000000661,용인시 청년 학자금대출 신용회복 지원,경기도 용인시,주거·자립,현금(감면),18,39,명칭,https://www.gov.kr/portal/rcvfvrSvc/dtlEx/405000000661
406000000115,청년창업자 임차료 지원,경기도 파주시,고용·창업,현금,18,39,명칭,https://www.gov.kr/portal/rcvfvrSvc/dtlEx/406000000115
406000000515,파주시 청년월세 지원,경기도 파주시,주거·자립,현금,19,39,명칭,https://www.gov.kr/portal/rcvfvrSvc/dtlEx/406000000515
407000000113,여성 창업 초기물품 지원,경기도 이천시,고용·창업,현물,18,44,연령조건,https://www.gov.kr/portal/rcvfvrSvc/dtlEx/407000000113
407000000517,이천시 입영지원금,경기도 이천시,생활안정,이용권,18,38,연령조건,https://www.gov.kr/portal/rcvfvrSvc/dtlEx/407000000517
408000000520,안성시 대학생 학자금 대출 이자 지원,경기도 안성시,보육·교육,기타,18,40,연령조건,https://www.gov.kr/portal/rcvfvrSvc/dtlEx/408000000520
408000000549,환경기초시설 주변마을 주민자녀 장학금,경기도 안성시,보육·교육,현금(장학금),,120,본문,https://www.gov.kr/portal/rcvfvrSvc/dtlEx/408000000549
408000000562,안성시 청년 부동산 중개수수료 및 이사비 지원사업,경기도 안성시,생활안정,현금,19,39,명칭,https://www.gov.kr/portal/rcvfvrSvc/dtlEx/408000000562
409000000116,김포청년 내일옷장,경기도 김포시,고용·창업,기타,15,39,명칭,https://www.gov.kr/portal/rcvfvrSvc/dtlEx/409000000116
409000000145,청년 1:1 맞춤형 취업 멘토링 지원,경기도 김포시,고용·창업,기타(교육),19,39,명칭,https://www.gov.kr/portal/rcvfvrSvc/dtlEx/409000000145
409000000155,대학생 공공기관 직장체험 지원,경기도 김포시,고용·창업,서비스(일자리),19,35,연령조건,https://www.gov.kr/portal/rcvfvrSvc/dtlEx/409000000155
414000000110,"중,고,대학생 장학금 지급",경기도 연천군,보육·교육,현금(장학금),13,34,본문,https://www.gov.kr/portal/rcvfvrSvc/dtlEx/414000000110
414000000444,연천군 부업대학생 운영,경기도 연천군,고용·창업,서비스(일자리),18,30,연령조건,https://www.gov.kr/portal/rcvfvrSvc/dtlEx/414000000444
414000000456,귀농 청년농업인 주거비(월세) 지원,경기도 연천군,생활안정,현금,19,39,명칭,https://www.gov.kr/portal/rcvfvrSvc/dtlEx/414000000456
416000000115,가평군 장학생 선발 및 장학금 지원,경기도 가평군,보육·교육,현금(장학금),,120,본문,https://www.gov.kr/portal/rcvfvrSvc/dtlEx/416000000115
416000000264,전세보증금반환보증 보증료 지원,경기도 가평군,주거·자립,현금,,,본문,https://www.gov.kr/portal/rcvfvrSvc/dtlEx/416000000264
419100000010,원주시 주소 이전 대학생 학자금 지원,강원특별자치도 원주시,보육·교육,현금,16,34,연령조건,https://www.gov.kr/portal/rcvfvrSvc/dtlEx/419100000010
420000000157,(재)강릉시미래인재육성재단 우수장학금,강원특별자치도 강릉시,보육·교육,현금(장학금),,120,본문,https://www.gov.kr/portal/rcvfvrSvc/dtlEx/420000000157
420000000159,(재)강릉시미래인재육성재단 진학장학금,강원특별자치도 강릉시,보육·교육,현금(장학금),,120,본문,https://www.gov.kr/portal/rcvfvrSvc/dtlEx/420000000159
420000000161,미혼모 의료비 지원,강원특별자치도 강릉시,보건·의료,현금,18,44,연령조건,https://www.gov.kr/portal/rcvfvrSvc/dtlEx/420000000161
420000000168,(재)강릉시미래인재육성재단 특기장학금,강원특별자치도 강릉시,보육·교육,현금(장학금),,120,본문,https://www.gov.kr/portal/rcvfvrSvc/dtlEx/420000000168
420000000174,(재)강릉시미래인재육성재단 자립장학금,강원특별자치도 강릉시,보육·교육,현금(장학금),16,34,연령조건,https://www.gov.kr/portal/rcvfvrSvc/dtlEx/420000000174
422000000123,영농정착 시설 및 장비구입 지원,강원특별자치도 태백시,농림축산어업,현물,18,39,연령조건,https://www.gov.kr/portal/rcvfvrSvc/dtlEx/422000000123
422000000135,청년농업인 맞춤형 특화 지원,강원특별자치도 태백시,생활안정,현물,18,45,명칭,https://www.gov.kr/portal/rcvfvrSvc/dtlEx/422000000135
423000000476,희망나눔 장학금 지원,강원특별자치도 속초시,보육·교육,현금(장학금),,120,본문,https://www.gov.kr/portal/rcvfvrSvc/dtlEx/423000000476
424000000149,삼척향토장학재단 향토 장학금,강원특별자치도 삼척시,보육·교육,현금(장학금),,39,본문,https://www.gov.kr/portal/rcvfvrSvc/dtlEx/424000000149
424000000151,도계장학재단 향토 장학금,강원특별자치도 삼척시,보육·교육,현금(장학금),,120,본문,https://www.gov.kr/portal/rcvfvrSvc/dtlEx/424000000151
425000000634,홍천군 무궁화장학금,강원특별자치도 홍천군,보육·교육,현금(장학금),,120,본문,https://www.gov.kr/portal/rcvfvrSvc/dtlEx/425000000634
426100000003,횡성형 청년일자리(전입근로수당.정착지원금),강원특별자치도 횡성군,주거·자립,현금,18,45,명칭,https://www.gov.kr/portal/rcvfvrSvc/dtlEx/426100000003
427000000183,귀농인 영농 정착 지원,강원특별자치도 영월군,주거·자립,현금,18,120,본문,https://www.gov.kr/portal/rcvfvrSvc/dtlEx/427000000183
427000000197,다자녀가정 교육비 지원,강원특별자치도 영월군,보육·교육,현금,18,120,본문,https://www.gov.kr/portal/rcvfvrSvc/dtlEx/427000000197
427000000227,가업승계농 영농기반조성 지원,강원특별자치도 영월군,농림축산어업,기타,20,39,연령조건,https://www.gov.kr/portal/rcvfvrSvc/dtlEx/427000000227
427100000002,청년농업인 맞춤형 지원,강원특별자치도 영월군,농림축산어업,기타,18,45,명칭,https://www.gov.kr/portal/rcvfvrSvc/dtlEx/427100000002
428000000102,결혼이민자 및 다문화 가정 지원,강원특별자치도 평창군,문화·환경,현금,18,44,연령조건,https://www.gov.kr/portal/rcvfvrSvc/dtlEx/428000000102
428100000006,평창군 청년 자격증 취득비 지원,강원특별자치도 평창군,고용·창업,현금,18,49,명칭,https://www.gov.kr/portal/rcvfvrSvc/dtlEx/428100000006
429000000765,정선군 출생아 양육비 지원,강원특별자치도 정선군,보육·교육,현금,18,44,연령조건,https://www.gov.kr/portal/rcvfvrSvc/dtlEx/429000000765
431000000102,"재단법인 화천군인재육성(우수지원금, 거주공간지원금)",강원특별자치도 화천군,보육·교육,현금,,120,본문,https://www.gov.kr/portal/rcvfvrSvc/dtlEx/431000000102
431000000107,다자녀가정 대학등록금 지원,강원특별자치도 화천군,보육·교육,현금,,24,본문,https://www.gov.kr/portal/rcvfvrSvc/dtlEx/431000000107
431000000114,재단법인 화천군인재육성(특별지원금),강원특별자치도 화천군,보육·교육,현금,,120,본문,https://www.gov.kr/portal/rcvfvrSvc/dtlEx/431000000114
431000000115,저소득 주민자녀 장학금 지원,강원특별자치도 화천군,보육·교육,현금(장학금),18,34,연령조건,https://www.gov.kr/portal/rcvfvrSvc/dtlEx/431000000115
432000000226,취업지망생 능력개발 지원사업,강원특별자치도 양구군,고용·창업,기타,18,49,본문,https://www.gov.kr/portal/rcvfvrSvc/dtlEx/432000000226
432000000249,양록장학금 지원,강원특별자치도 양구군,보육·교육,현금(장학금),,120,본문,https://www.gov.kr/portal/rcvfvrSvc/dtlEx/432000000249
435000000136,고등학생 및 대학생 장학금(우등),강원특별자치도 양양군,보육·교육,현금(장학금),,120,본문,https://www.gov.kr/portal/rcvfvrSvc/dtlEx/435000000136
435000000137,고등 및 대학생 장학금(유공 및 저소득),강원특별자치도 양양군,보육·교육,현금(장학금),16,30,연령조건,https://www.gov.kr/portal/rcvfvrSvc/dtlEx/435000000137
435000000150,고등 및 대학생 장학금(특기 및 기타),강원특별자치도 양양군,보육·교육,현금(장학금),,120,본문,https://www.gov.kr/portal/rcvfvrSvc/dtlEx/435000000150
439000000830,자활사업 지원,충청북도 충주시,주거·자립,현금,18,64,본문,https://www.gov.kr/portal/rcvfvrSvc/dtlEx/439000000830
439000000839,청년창업농 농지 임차료 지원,충청북도 충주시,농림축산어업,현금,18,49,명칭,https://www.gov.kr/portal/rcvfvrSvc/dtlEx/439000000839
439000000861,장애인 가구 대학생 자녀 장학금 지원,충청북도 충주시,보육·교육,현금,19,24,본문,https://www.gov.kr/portal/rcvfvrSvc/dtlEx/439000000861
439000000870,가정위탁 및 시설퇴소아동 자립정착금 지원,충청북도 충주시,생활안정,현금,18,19,본문,https://www.gov.kr/portal/rcvfvrSvc/dtlEx/439000000870
439000000879,전입자 맞춤 안내 서비스,충청북도 충주시,주거·자립,현금(감면),19,39,연령조건,https://www.gov.kr/portal/rcvfvrSvc/dtlEx/439000000879
439000000882,미취업 청년 어학·자격증 취득 지원,충청북도 충주시,행정·안전,현금,19,39,명칭,https://www.gov.kr/portal/rcvfvrSvc/dtlEx/439000000882
439000000883,청년농업인 선도농가 실습지원,충청북도 충주시,농림축산어업,현금,18,49,명칭,https://www.gov.kr/portal/rcvfvrSvc/dtlEx/439000000883
440000000117,다자녀가구 등록금 지원,충청북도 제천시,보육·교육,현금,18,34,연령조건,https://www.gov.kr/portal/rcvfvrSvc/dtlEx/440000000117
440000000195,2026학년도 대학생 전입지원금 지원,충청북도 제천시,생활안정,기타,18,55,본문,https://www.gov.kr/portal/rcvfvrSvc/dtlEx/440000000195
442000000101,자립준비청년 자립수당 지급,충청북도 보은군,주거·자립,현금,18,20,명칭,https://www.gov.kr/portal/rcvfvrSvc/dtlEx/442000000101
442000000108,보은군민장학회 장학금 지원,충청북도 보은군,보육·교육,현금(장학금),12,120,본문,https://www.gov.kr/portal/rcvfvrSvc/dtlEx/442000000108
442000000649,2026년 보은군 청년 면접수당 지원사업,충청북도 보은군,고용·창업,현금,18,45,명칭,https://www.gov.kr/portal/rcvfvrSvc/dtlEx/442000000649
442000000656,"청년 취업자, 농업인 주거비 지원",충청북도 보은군,생활안정,현금,18,45,명칭,https://www.gov.kr/portal/rcvfvrSvc/dtlEx/442000000656
442000000662,청년 소상공인 점포 임차료 지원,충청북도 보은군,생활안정,현금,18,45,명칭,https://www.gov.kr/portal/rcvfvrSvc/dtlEx/442000000662
443000000109,고국방문지원및 다문화가족 자활교육,충청북도 옥천군,보육·교육,기타||기타(교육),18,44,연령조건,https://www.gov.kr/portal/rcvfvrSvc/dtlEx/443000000109
443000000110,소년소녀가정 및 시설퇴소아동 등 자립지원,충청북도 옥천군,주거·자립,현금,17,18,본문,https://www.gov.kr/portal/rcvfvrSvc/dtlEx/443000000110
443000000113,여성장애인 가사도우미 지원,충청북도 옥천군,보호·돌봄,서비스(돌봄),18,44,연령조건,https://www.gov.kr/portal/rcvfvrSvc/dtlEx/443000000113
443000000135,자활사업 지원,충청북도 옥천군,생활안정,현금,18,64,본문,https://www.gov.kr/portal/rcvfvrSvc/dtlEx/443000000135
443000000139,산후조리비용 지원,충청북도 옥천군,보건·의료,현금,18,44,연령조건,https://www.gov.kr/portal/rcvfvrSvc/dtlEx/443000000139
443000000660,청년 전세 대출금 이자 지원,충청북도 옥천군,주거·자립,현금,19,39,명칭,https://www.gov.kr/portal/rcvfvrSvc/dtlEx/443000000660
443000000661,청년 월세 지원,충청북도 옥천군,주거·자립,현금,19,39,명칭,https://www.gov.kr/portal/rcvfvrSvc/dtlEx/443000000661
445000000106,소년소녀가정 및 시설퇴소아동 등 자립지원,충청북도 진천군,주거·자립,현금,17,18,본문,https://www.gov.kr/portal/rcvfvrSvc/dtlEx/445000000106
446000000102,결혼이민자 고국방문 및 취업역량강화 사업,충청북도 괴산군,문화·환경,현금,18,44,연령조건,https://www.gov.kr/portal/rcvfvrSvc/dtlEx/446000000102
447000000108,보호종료아동 자립정착금 지원,충청북도 음성군,주거·자립,현금,17,18,본문,https://www.gov.kr/portal/rcvfvrSvc/dtlEx/447000000108
447000000145,2026년 음성군 청년 면접수당 지원사업,충청북도 음성군,고용·창업,현금,19,39,명칭,https://www.gov.kr/portal/rcvfvrSvc/dtlEx/447000000145
448000000117,청년부부 정착장려금 지원,충청북도 단양군,주거·자립,현금,19,49,명칭,https://www.gov.kr/portal/rcvfvrSvc/dtlEx/448000000117
448000000122,보호종료아동 자립정착금 지원,충청북도 단양군,주거·자립,현금,17,29,연령조건,https://www.gov.kr/portal/rcvfvrSvc/dtlEx/448000000122
448000000658,대학 신입생 입학축하금 지원,충청북도 단양군,생활안정,현금(장학금),18,22,본문,https://www.gov.kr/portal/rcvfvrSvc/dtlEx/448000000658
449000000101,수급자 및 차상위계층 자산형성지원,충청남도 천안시,생활안정,현금,15,39,연령조건,https://www.gov.kr/portal/rcvfvrSvc/dtlEx/449000000101
449000000143,청년도전 지원사업,충청남도 천안시,생활안정,현금,18,39,명칭,https://www.gov.kr/portal/rcvfvrSvc/dtlEx/449000000143
449000000517,수도권 행복 기숙사 기숙사비 지원,충청남도 천안시,주거·자립,현금,19,45,연령조건,https://www.gov.kr/portal/rcvfvrSvc/dtlEx/449000000517
449000000520,청년성장프로젝트,충청남도 천안시,주거·자립,기타(교육),18,39,명칭,https://www.gov.kr/portal/rcvfvrSvc/dtlEx/449000000520
449000000522,천안형 청년 채용연계 프로그램 사업,충청남도 천안시,고용·창업,서비스(일자리),18,39,명칭,https://www.gov.kr/portal/rcvfvrSvc/dtlEx/449000000522
449000000531,면접정장지원사업(청년취업패키지),충청남도 천안시,고용·창업,기타,19,39,명칭,https://www.gov.kr/portal/rcvfvrSvc/dtlEx/449000000531
449000000533,청년 마음건강 바우처(허심탄회 개인상담),충청남도 천안시,생활안정,기타(상담),19,39,명칭,https://www.gov.kr/portal/rcvfvrSvc/dtlEx/449000000533
449000000535,이주청년 웰컴키트(행복꾸러미),충청남도 천안시,생활안정,현물,19,39,명칭,https://www.gov.kr/portal/rcvfvrSvc/dtlEx/449000000535
450000000128,전입지원금 지원,충청남도 공주시,주거·자립,기타,16,40,연령조건,https://www.gov.kr/portal/rcvfvrSvc/dtlEx/450000000128
451000000127,전입학생 생활지원금 지급,충청남도 보령시,주거·자립,현금,,120,본문,https://www.gov.kr/portal/rcvfvrSvc/dtlEx/451000000127
451000000132,"정관, 난관 복원 시술비 지원",충청남도 보령시,생활안정,현금,18,44,연령조건,https://www.gov.kr/portal/rcvfvrSvc/dtlEx/451000000132
451000000141,청년창업 육성사업,충청남도 보령시,고용·창업,기타(교육)||현금,,,명칭,https://www.gov.kr/portal/rcvfvrSvc/dtlEx/451000000141
451000000144,아주자동차대학생 반값등록금 지원,충청남도 보령시,생활안정,현금(장학금),,120,본문,https://www.gov.kr/portal/rcvfvrSvc/dtlEx/451000000144
451000000148,청년근로자 연봉 지원,충청남도 보령시,생활안정,현금,18,45,명칭,https://www.gov.kr/portal/rcvfvrSvc/dtlEx/451000000148
451000000237,청년주택자금 대출이자 지원,충청남도 보령시,주거·자립,기타,19,45,명칭,https://www.gov.kr/portal/rcvfvrSvc/dtlEx/451000000237
451000000242,무주택청년 공공임대주택 보증금 대출이자 지원,충청남도 보령시,생활안정,현금(융자),19,45,명칭,https://www.gov.kr/portal/rcvfvrSvc/dtlEx/451000000242
451000000244,형편이 어려운 청년 취업생활비 지원,충청남도 보령시,생활안정,현금,18,45,명칭,https://www.gov.kr/portal/rcvfvrSvc/dtlEx/451000000244
452000000321,청년내일카드,충청남도 아산시,고용·창업,기타,18,39,명칭,https://www.gov.kr/portal/rcvfvrSvc/dtlEx/452000000321
452000000325,청년 캠핑용품 대여 지원,충청남도 아산시,생활안정,기타,18,39,명칭,https://www.gov.kr/portal/rcvfvrSvc/dtlEx/452000000325
454000000179,논산시 청년결혼축하금 지원,충청남도 논산시,주거·자립,현금,18,45,명칭,https://www.gov.kr/portal/rcvfvrSvc/dtlEx/454000000179
454000000180,논산시 전입대학생 생활안정지원금 지원,충청남도 논산시,주거·자립,현금,19,120,본문,https://www.gov.kr/portal/rcvfvrSvc/dtlEx/454000000180
454000000181,보호종료아동 자립지원 사업(자체),충청남도 논산시,생활안정,현금,18,24,본문,https://www.gov.kr/portal/rcvfvrSvc/dtlEx/454000000181
455000000125,지역사회 청년쉐어하우스 운영,충청남도 금산군,주거·자립,시설이용,18,45,명칭,https://www.gov.kr/portal/rcvfvrSvc/dtlEx/455000000125
455000000131,금산금빛시장 청년몰 입점상인 모집 및 운영,충청남도 금산군,고용·창업,기타,,120,명칭,https://www.gov.kr/portal/rcvfvrSvc/dtlEx/455000000131
457000000136,농가 도우미 지원,충청남도 부여군,농림축산어업,현금,18,44,연령조건,https://www.gov.kr/portal/rcvfvrSvc/dtlEx/457000000136
457000000157,부여군 청년셰어하우스 운영,충청남도 부여군,주거·자립,현물,18,39,명칭,https://www.gov.kr/portal/rcvfvrSvc/dtlEx/457000000157
458000000122,청년 취업수당 지원,충청남도 서천군,고용·창업,이용권,18,45,명칭,https://www.gov.kr/portal/rcvfvrSvc/dtlEx/458000000122
458000000123,청년 공공근로 지원,충청남도 서천군,고용·창업,서비스(일자리),18,120,명칭,https://www.gov.kr/portal/rcvfvrSvc/dtlEx/458000000123
458000000124,청년 다드림 지원,충청남도 서천군,생활안정,이용권,18,45,명칭,https://www.gov.kr/portal/rcvfvrSvc/dtlEx/458000000124
458000000125,청년 행복주거비 지원,충청남도 서천군,생활안정,현금,19,45,명칭,https://www.gov.kr/portal/rcvfvrSvc/dtlEx/458000000125
458000000128,청년창업 육성 지원,충청남도 서천군,고용·창업,현금,18,45,명칭,https://www.gov.kr/portal/rcvfvrSvc/dtlEx/458000000128
458000000130,청년업체 세무·노무 기장 대리 공공서비스 지원,충청남도 서천군,고용·창업,기타(상담),18,45,명칭,https://www.gov.kr/portal/rcvfvrSvc/dtlEx/458000000130
459000000106,관외 대학생 생활안정지원비 지원,충청남도 청양군,생활안정,현금,,120,본문,https://www.gov.kr/portal/rcvfvrSvc/dtlEx/459000000106
459000000152,청년취업수당,충청남도 청양군,고용·창업,현금,18,45,명칭,https://www.gov.kr/portal/rcvfvrSvc/dtlEx/459000000152
459000000159,전입대학생 기숙사비 지원,충청남도 청양군,주거·자립,현금,,120,본문,https://www.gov.kr/portal/rcvfvrSvc/dtlEx/459000000159
461000000304,예산군구직자면접비지원사업,충청남도 예산군,생활안정,현금,18,45,연령조건,https://www.gov.kr/portal/rcvfvrSvc/dtlEx/461000000304
461000000307,예산형청년전입근로자정착지원,충청남도 예산군,생활안정,현금,18,45,명칭,https://www.gov.kr/portal/rcvfvrSvc/dtlEx/461000000307
461000000308,자립준비청년(보호종료아동) 대학생활안정자금 지원,충청남도 예산군,주거·자립,현금,18,34,명칭,https://www.gov.kr/portal/rcvfvrSvc/dtlEx/461000000308
462000000359,전입지원금,충청남도 태안군,생활안정,현금,18,45,연령조건,https://www.gov.kr/portal/rcvfvrSvc/dtlEx/462000000359
468000000109,한방 난임부부 지원,전북특별자치도 익산시,생활안정,서비스(의료),18,44,연령조건,https://www.gov.kr/portal/rcvfvrSvc/dtlEx/468000000109
468000000357,익산시 신혼부부 청년 주택 전세보증금 대출이자 지원사업,전북특별자치도 익산시,주거·자립,기타,19,39,명칭,https://www.gov.kr/portal/rcvfvrSvc/dtlEx/468000000357
469000000103,입양장려금 지원,전북특별자치도 정읍시,보호·돌봄,현금,18,44,연령조건,https://www.gov.kr/portal/rcvfvrSvc/dtlEx/469000000103
469000000108,정읍시민 장학재단 장학생,전북특별자치도 정읍시,보육·교육,현금(장학금),,120,본문,https://www.gov.kr/portal/rcvfvrSvc/dtlEx/469000000108
469000000111,출생아 의료비 지원,전북특별자치도 정읍시,보건·의료,현금,18,44,연령조건,https://www.gov.kr/portal/rcvfvrSvc/dtlEx/469000000111
469000000120,학자금대출 장기연체자 신용회복 지원,전북특별자치도 정읍시,주거·자립,현금(감면),18,45,연령조건,https://www.gov.kr/portal/rcvfvrSvc/dtlEx/469000000120
469000000125,신혼부부 및 청년 주택자금 대출이자 지원,전북특별자치도 정읍시,주거·자립,현금,18,45,명칭,https://www.gov.kr/portal/rcvfvrSvc/dtlEx/469000000125
469100000004,전입대학생 주거비용 지원,전북특별자치도 정읍시,주거·자립,현금,,120,본문,https://www.gov.kr/portal/rcvfvrSvc/dtlEx/469100000004
469100000005,구직지원금 지급,전북특별자치도 정읍시,생활안정,현금,,45,본문,https://www.gov.kr/portal/rcvfvrSvc/dtlEx/469100000005
469100000023,정읍시 청년 면접 정장 무료대여서비스,전북특별자치도 정읍시,생활안정,현물,18,45,명칭,https://www.gov.kr/portal/rcvfvrSvc/dtlEx/469100000023
470000000103,남원시 신혼부부 및 청년 주택 전세자금 대출이자 지원,전북특별자치도 남원시,주거·자립,현금,18,39,명칭,https://www.gov.kr/portal/rcvfvrSvc/dtlEx/470000000103
470000000124,결혼이민자 정착을 위한 운전면허 지원,전북특별자치도 남원시,주거·자립,현금,18,44,연령조건,https://www.gov.kr/portal/rcvfvrSvc/dtlEx/470000000124
471000000101,청년 및 신혼부부 전세자금 대출이자 지원,전북특별자치도 김제시,주거·자립,현금,18,44,명칭,https://www.gov.kr/portal/rcvfvrSvc/dtlEx/471000000101
471000000113,청년부부주택수당,전북특별자치도 김제시,주거·자립,현금,18,39,명칭,https://www.gov.kr/portal/rcvfvrSvc/dtlEx/471000000113
471000000128,군장병 상해보험 지원,전북특별자치도 김제시,생활안정,현금(보험),18,32,연령조건,https://www.gov.kr/portal/rcvfvrSvc/dtlEx/471000000128
473000000106,진안사랑장학재단 장학금(관외),전북특별자치도 진안군,생활안정,현금(장학금),,120,본문,https://www.gov.kr/portal/rcvfvrSvc/dtlEx/473000000106
473000000109,청년농업인 영농정착 지원,전북특별자치도 진안군,주거·자립,현금,19,120,명칭,https://www.gov.kr/portal/rcvfvrSvc/dtlEx/473000000109
473000000126,진안군 대학생 생활안정비 지원,전북특별자치도 진안군,생활안정,현금,,120,본문,https://www.gov.kr/portal/rcvfvrSvc/dtlEx/473000000126
473000000133,진안사랑장학재단 장학금(특기),전북특별자치도 진안군,보육·교육,현금(장학금),,120,본문,https://www.gov.kr/portal/rcvfvrSvc/dtlEx/473000000133
473100000001,진안사랑장학재단 장학금(관내),전북특별자치도 진안군,생활안정,현금(장학금),,120,본문,https://www.gov.kr/portal/rcvfvrSvc/dtlEx/473100000001
474000000114,귀농·귀향인 영농 지원,전북특별자치도 무주군,농림축산어업,현금,19,120,본문,https://www.gov.kr/portal/rcvfvrSvc/dtlEx/474000000114
474000000115,귀농·귀향인 임시거주지 임대료 지원,전북특별자치도 무주군,주거·자립,현금,18,120,본문,https://www.gov.kr/portal/rcvfvrSvc/dtlEx/474000000115
476000000158,다문화가족 친정방문 지원,전북특별자치도 임실군,생활안정,현물,18,44,연령조건,https://www.gov.kr/portal/rcvfvrSvc/dtlEx/476000000158
476000000159,결혼이주여성 친정가족 초청지원,전북특별자치도 임실군,생활안정,현물,18,44,연령조건,https://www.gov.kr/portal/rcvfvrSvc/dtlEx/476000000159
476000000161,결혼이주여성 한국예절 및 생활요리교육,전북특별자치도 임실군,생활안정,기타(교육),18,44,연령조건,https://www.gov.kr/portal/rcvfvrSvc/dtlEx/476000000161
476000000162,다문화가정 한국사회 적응활동 지원,전북특별자치도 임실군,생활안정,기타(교육),18,44,연령조건,https://www.gov.kr/portal/rcvfvrSvc/dtlEx/476000000162
476100000019,과수경쟁력강화 농기계 지원,전북특별자치도 임실군,농림축산어업,현금,18,120,본문,https://www.gov.kr/portal/rcvfvrSvc/dtlEx/476100000019
477000000103,순창군 대학 진학 축하금 지원,전북특별자치도 순창군,보육·교육,현금,,120,본문,https://www.gov.kr/portal/rcvfvrSvc/dtlEx/477000000103
477000000118,청년창업지원,전북특별자치도 순창군,고용·창업,현금,18,49,명칭,https://www.gov.kr/portal/rcvfvrSvc/dtlEx/477000000118
477000000123,결혼이민자 자동차운전학원 교습비 지원,전북특별자치도 순창군,보건·의료,현금,18,44,연령조건,https://www.gov.kr/portal/rcvfvrSvc/dtlEx/477000000123
477000000138,다문화가족 모국방문 비용 지원,전북특별자치도 순창군,생활안정,현금,18,44,연령조건,https://www.gov.kr/portal/rcvfvrSvc/dtlEx/477000000138
480000000105,대학생 학자금 대출이자 지원,전남광주통합특별시 목포시,보육·교육,현금(융자),19,40,연령조건,https://www.gov.kr/portal/rcvfvrSvc/dtlEx/480000000105
481000000364,대학생 전입장려금,전남광주통합특별시 여수시,주거·자립,현금,,120,본문,https://www.gov.kr/portal/rcvfvrSvc/dtlEx/481000000364
481000000368,청년부부 결혼축하금 지원,전남광주통합특별시 여수시,주거·자립,현금,,,명칭,https://www.gov.kr/portal/rcvfvrSvc/dtlEx/481000000368
484000000107,광양시 대학생 학자금 대출이자 지원,전남광주통합특별시 광양시,보육·교육,현금(융자),,120,본문,https://www.gov.kr/portal/rcvfvrSvc/dtlEx/484000000107
484000000108,결혼이민자 한국어능력시험 응시료 지원,전남광주통합특별시 광양시,보육·교육,현금,18,44,연령조건,https://www.gov.kr/portal/rcvfvrSvc/dtlEx/484000000108
484000000116,기초수급자 대입 학자금 지원,전남광주통합특별시 광양시,보육·교육,현금,19,40,연령조건,https://www.gov.kr/portal/rcvfvrSvc/dtlEx/484000000116
484000000385,청년부부 결혼축하금 지원(광양),전남광주통합특별시 광양시,주거·자립,현금,18,49,명칭,https://www.gov.kr/portal/rcvfvrSvc/dtlEx/484000000385
484000000413,농업인 크리에이터 교육 신청(농업촬영 기초반),전남광주통합특별시 광양시,농림축산어업,기술지원,19,120,본문,https://www.gov.kr/portal/rcvfvrSvc/dtlEx/484000000413
485000000129,지역인재육성 장학금,전남광주통합특별시 담양군,보육·교육,현금(장학금),,120,본문,https://www.gov.kr/portal/rcvfvrSvc/dtlEx/485000000129
486000000126,노동 절감형 스마트 청년농업인 육성 지원,전남광주통합특별시 곡성군,농림축산어업,현금,19,49,명칭,https://www.gov.kr/portal/rcvfvrSvc/dtlEx/486000000126
486000000130,신규농업인(귀농귀촌) 현장실습 교육,전남광주통합특별시 곡성군,보육·교육,현금,18,120,본문,https://www.gov.kr/portal/rcvfvrSvc/dtlEx/486000000130
486000000139,곡성군 청년창업 지원,전남광주통합특별시 곡성군,고용·창업,현금,19,49,명칭,https://www.gov.kr/portal/rcvfvrSvc/dtlEx/486000000139
487000000479,전세보증금반환보증 보증료 지원,전남광주통합특별시 구례군,주거·자립,현금,18,45,연령조건,https://www.gov.kr/portal/rcvfvrSvc/dtlEx/487000000479
488000000101,청년부부 내 집 마련 대출이자 지원,전남광주통합특별시 고흥군,주거·자립,현금(융자),19,49,명칭,https://www.gov.kr/portal/rcvfvrSvc/dtlEx/488000000101
488000000105,청년부부 결혼축하금 지원,전남광주통합특별시 고흥군,주거·자립,현금,19,49,명칭,https://www.gov.kr/portal/rcvfvrSvc/dtlEx/488000000105
488000000110,귀향청년 정착장려금 지원,전남광주통합특별시 고흥군,고용·창업,현금,19,49,명칭,https://www.gov.kr/portal/rcvfvrSvc/dtlEx/488000000110
488000000111,청년 CEO 마케팅 활성화 지원,전남광주통합특별시 고흥군,고용·창업,현금,19,49,명칭,https://www.gov.kr/portal/rcvfvrSvc/dtlEx/488000000111
488000000112,체육청년 사회 첫걸음 지원,전남광주통합특별시 고흥군,생활안정,현금,18,34,명칭,https://www.gov.kr/portal/rcvfvrSvc/dtlEx/488000000112
488000000119,도전! 청년농부 농지임차료 등 지원,전남광주통합특별시 고흥군,농림축산어업,현금,19,49,명칭,https://www.gov.kr/portal/rcvfvrSvc/dtlEx/488000000119
488000000120,귀향청년 정착장려금(부부) 지원,전남광주통합특별시 고흥군,주거·자립,현금,19,49,명칭,https://www.gov.kr/portal/rcvfvrSvc/dtlEx/488000000120
488000000124,귀향청년 주택 수리비 지원,전남광주통합특별시 고흥군,주거·자립,현금,19,49,명칭,https://www.gov.kr/portal/rcvfvrSvc/dtlEx/488000000124
488000000125,청년 창업 도전 프로젝트 지원,전남광주통합특별시 고흥군,고용·창업,현금,19,49,명칭,https://www.gov.kr/portal/rcvfvrSvc/dtlEx/488000000125
488000000133,고흥 청년 디딤돌 주거안정 지원,전남광주통합특별시 고흥군,생활안정,현금,19,49,명칭,https://www.gov.kr/portal/rcvfvrSvc/dtlEx/488000000133
488000000136,청년부부 웨딩비 지원,전남광주통합특별시 고흥군,주거·자립,현금,19,49,명칭,https://www.gov.kr/portal/rcvfvrSvc/dtlEx/488000000136
488000000138,가업승계 청년 지원,전남광주통합특별시 고흥군,고용·창업,현물,19,49,명칭,https://www.gov.kr/portal/rcvfvrSvc/dtlEx/488000000138
489000000101,보성군장학재단 장학생 선발(군정발전),전남광주통합특별시 보성군,보육·교육,현금(장학금),,120,본문,https://www.gov.kr/portal/rcvfvrSvc/dtlEx/489000000101
489000000103,보성군장학재단 장학생 선발(복지),전남광주통합특별시 보성군,보육·교육,현금(장학금),,120,본문,https://www.gov.kr/portal/rcvfvrSvc/dtlEx/489000000103
489000000109,보성군장학재단 장학생 선발(성적우수),전남광주통합특별시 보성군,보육·교육,현금(장학금),,120,본문,https://www.gov.kr/portal/rcvfvrSvc/dtlEx/489000000109
489000000111,청년귀농인 농업창업 지원,전남광주통합특별시 보성군,농림축산어업,현금,18,49,명칭,https://www.gov.kr/portal/rcvfvrSvc/dtlEx/489000000111
489000000116,보성군장학재단 장학생 선발(미래인재),전남광주통합특별시 보성군,보육·교육,현금(장학금),,120,본문,https://www.gov.kr/portal/rcvfvrSvc/dtlEx/489000000116
489000000128,보성군장학재단 장학생 선발(특기자),전남광주통합특별시 보성군,보육·교육,현금(장학금),,120,본문,https://www.gov.kr/portal/rcvfvrSvc/dtlEx/489000000128
489000000129,다자녀가정 가족사진 만들어주기 서비스,전남광주통합특별시 보성군,보육·교육,현물,18,44,연령조건,https://www.gov.kr/portal/rcvfvrSvc/dtlEx/489000000129
489000000143,전남청년 문화복지카드,전남광주통합특별시 보성군,문화·환경,이용권,19,28,명칭,https://www.gov.kr/portal/rcvfvrSvc/dtlEx/489000000143
490000000118,모유수유를 위한 유축기 대여,전남광주통합특별시 화순군,생활안정,현물,18,44,연령조건,https://www.gov.kr/portal/rcvfvrSvc/dtlEx/490000000118
490000000282,화순군 전입장려금 및 전입세대 이사비용 지원사업,전남광주통합특별시 화순군,생활안정,현금,16,120,본문,https://www.gov.kr/portal/rcvfvrSvc/dtlEx/490000000282
490000000291,화순군 군복무 청년 상해보험 가입 지원,전남광주통합특별시 화순군,행정·안전,현금,18,49,명칭,https://www.gov.kr/portal/rcvfvrSvc/dtlEx/490000000291
492000000134,귀농인 지원,전남광주통합특별시 강진군,농림축산어업,현금,18,65,본문,https://www.gov.kr/portal/rcvfvrSvc/dtlEx/492000000134
492000000142,강진군민장학재단 장학금 지원,전남광주통합특별시 강진군,보육·교육,현금,12,35,본문,https://www.gov.kr/portal/rcvfvrSvc/dtlEx/492000000142
492000000144,강진군 육아수당,전남광주통합특별시 강진군,보육·교육,현물,18,44,연령조건,https://www.gov.kr/portal/rcvfvrSvc/dtlEx/492000000144
493000000113,해남형 청년 주거비 지원,전남광주통합특별시 해남군,주거·자립,현금,18,49,명칭,https://www.gov.kr/portal/rcvfvrSvc/dtlEx/493000000113
493000000124,다문화가정 행복장려금 지원,전남광주통합특별시 해남군,생활안정,현금,18,44,연령조건,https://www.gov.kr/portal/rcvfvrSvc/dtlEx/493000000124
493000000138,신생아 양육비 지원,전남광주통합특별시 해남군,보육·교육,현금,18,44,연령조건,https://www.gov.kr/portal/rcvfvrSvc/dtlEx/493000000138
493000000301,세자녀 이상 다자녀가정 대학교 학자금지원,전남광주통합특별시 해남군,보육·교육,현금,18,120,본문,https://www.gov.kr/portal/rcvfvrSvc/dtlEx/493000000301
494000000114,영암군 청년 희망 디딤돌 통장,전남광주통합특별시 영암군,주거·자립,현금,19,49,명칭,https://www.gov.kr/portal/rcvfvrSvc/dtlEx/494000000114
494000000130,영암군 청년 월세 지원,전남광주통합특별시 영암군,주거·자립,현금,19,49,명칭,https://www.gov.kr/portal/rcvfvrSvc/dtlEx/494000000130
494000000138,영암군 대학생 전입장려금 지원,전남광주통합특별시 영암군,주거·자립,현금,,120,본문,https://www.gov.kr/portal/rcvfvrSvc/dtlEx/494000000138
494000000140,영암군 군 복무 청년 상해보험 가입 서비스,전남광주통합특별시 영암군,행정·안전,현금(보험),19,32,명칭,https://www.gov.kr/portal/rcvfvrSvc/dtlEx/494000000140
494000000175,장애인가정 홈헬퍼서비스,전남광주통합특별시 영암군,생활안정,서비스(돌봄),18,44,연령조건,https://www.gov.kr/portal/rcvfvrSvc/dtlEx/494000000175
494000000211,예비맘 풍진 예방접종지원,전남광주통합특별시 영암군,보건·의료,기타,18,44,연령조건,https://www.gov.kr/portal/rcvfvrSvc/dtlEx/494000000211
494000000227,임부 산전검진비 지원(초음파 쿠폰 제공),전남광주통합특별시 영암군,보건·의료,이용권,18,44,연령조건,https://www.gov.kr/portal/rcvfvrSvc/dtlEx/494000000227
494000000234,영암형 공공주택 입주자 모집,전남광주통합특별시 영암군,주거·자립,현물,19,49,본문,https://www.gov.kr/portal/rcvfvrSvc/dtlEx/494000000234
494000000237,전남 청년 근속장려금 지원사업,전남광주통합특별시 영암군,고용·창업,현금,18,45,명칭,https://www.gov.kr/portal/rcvfvrSvc/dtlEx/494000000237
495000000422,신생아 양육비 지원,전남광주통합특별시 무안군,보육·교육,현금,18,44,연령조건,https://www.gov.kr/portal/rcvfvrSvc/dtlEx/495000000422
496000000108,인재양성 장학금 지원,전남광주통합특별시 함평군,보육·교육,현금,,120,본문,https://www.gov.kr/portal/rcvfvrSvc/dtlEx/496000000108
496000000112,정관 및 난관 복원 수술비 지원,전남광주통합특별시 함평군,보건·의료,현금,18,44,연령조건,https://www.gov.kr/portal/rcvfvrSvc/dtlEx/496000000112
497000000107,영광군 신생아 양육비 지원,전남광주통합특별시 영광군,보육·교육,현금,18,44,연령조건,https://www.gov.kr/portal/rcvfvrSvc/dtlEx/497000000107
497000000110,청년농업인 영농정착 지원,전남광주통합특별시 영광군,농림축산어업,기타,18,39,명칭,https://www.gov.kr/portal/rcvfvrSvc/dtlEx/497000000110
497000000117,청년 희망 디딤돌 통장 운영,전남광주통합특별시 영광군,주거·자립,현금,19,65,명칭,https://www.gov.kr/portal/rcvfvrSvc/dtlEx/497000000117
498000000472,청년 전세보증금반환보증 보증료 지원,전남광주통합특별시 장성군,주거·자립,현금,19,39,명칭,https://www.gov.kr/portal/rcvfvrSvc/dtlEx/498000000472
499000000110,대학 신입생 장학금 지원,전남광주통합특별시 완도군,보육·교육,현금(장학금),18,34,연령조건,https://www.gov.kr/portal/rcvfvrSvc/dtlEx/499000000110
499000000123,다자녀가정 학생 장학금 지원,전남광주통합특별시 완도군,보육·교육,현금(장학금),6,34,본문,https://www.gov.kr/portal/rcvfvrSvc/dtlEx/499000000123
499000000140,지역인재육성 장학금 지원,전남광주통합특별시 완도군,생활안정,현금(장학금),6,34,본문,https://www.gov.kr/portal/rcvfvrSvc/dtlEx/499000000140
499000000141,결혼이주여성 행복정착지원금 지원,전남광주통합특별시 완도군,보육·교육,현금,18,44,연령조건,https://www.gov.kr/portal/rcvfvrSvc/dtlEx/499000000141
500000000118,2026년 진도군 하반기 지역 인재육성 장학금 지급(특기 우수자),전남광주통합특별시 진도군,보육·교육,현금(장학금),7,60,본문,https://www.gov.kr/portal/rcvfvrSvc/dtlEx/500000000118
500000000128,2026년 진도군 하반기 지역 인재육성 장학금 지급(학업성적 우수자),전남광주통합특별시 진도군,보육·교육,현금(장학금),13,60,본문,https://www.gov.kr/portal/rcvfvrSvc/dtlEx/500000000128
500000000137,2026년 진도군 하반기 지역 인재육성 장학금 지급(보배사랑 장학생),전남광주통합특별시 진도군,보육·교육,현금(장학금),,120,본문,https://www.gov.kr/portal/rcvfvrSvc/dtlEx/500000000137
501000000115,결혼이민자 국적취득 축하비 지원,전남광주통합특별시 신안군,행정·안전,현금,18,44,연령조건,https://www.gov.kr/portal/rcvfvrSvc/dtlEx/501000000115
502000000249,포항시 세자녀 이상 가족진료비 지원,경상북도 포항시,생활안정,현금,18,44,연령조건,https://www.gov.kr/portal/rcvfvrSvc/dtlEx/502000000249
505000000125,경주사랑 장학금(경주시 전입대학생 생활안정 지원금),경상북도 경주시,생활안정,현금(장학금),18,120,본문,https://www.gov.kr/portal/rcvfvrSvc/dtlEx/505000000125
505000000176,경주시 청년 주택구입 대출이자 지원,경상북도 경주시,주거·자립,현금,19,39,명칭,https://www.gov.kr/portal/rcvfvrSvc/dtlEx/505000000176
508000000705,구미시 청년근로자 결혼장려금 지원,경상북도 구미시,생활안정,현금,30,45,명칭,https://www.gov.kr/portal/rcvfvrSvc/dtlEx/508000000705
509000000103,(재)영주시인재육성장학회 장학금,경상북도 영주시,보육·교육,현금(장학금),7,50,본문,https://www.gov.kr/portal/rcvfvrSvc/dtlEx/509000000103
510000000113,영천주소 군장병 상해보험료 지원,경상북도 영천시,생활안정,현금(보험),19,37,연령조건,https://www.gov.kr/portal/rcvfvrSvc/dtlEx/510000000113
511000000137,상주장학회 공공기숙사 운영,경상북도 상주시,주거·자립,기타,,120,본문,https://www.gov.kr/portal/rcvfvrSvc/dtlEx/511000000137
511000000142,통·번역 서비스(베트남),경상북도 상주시,문화·환경,기타,18,44,연령조건,https://www.gov.kr/portal/rcvfvrSvc/dtlEx/511000000142
511000000155,"공공일자리 제공(공공근로서비스, 지역공동체일자리)",경상북도 상주시,고용·창업,현금,18,120,본문,https://www.gov.kr/portal/rcvfvrSvc/dtlEx/511000000155
512000000104,청년 정착지원금 지원,경상북도 문경시,주거·자립,현금,18,39,명칭,https://www.gov.kr/portal/rcvfvrSvc/dtlEx/512000000104
515000000131,결혼이민자농가 농어촌진흥기금,경상북도 의성군,농림축산어업,현금(융자),18,44,연령조건,https://www.gov.kr/portal/rcvfvrSvc/dtlEx/515000000131
515000000138,아이사랑육아용품대여사업,경상북도 의성군,보건·의료,이용권,18,44,연령조건,https://www.gov.kr/portal/rcvfvrSvc/dtlEx/515000000138
515000000168,청년근로자 사랑채움 사업,경상북도 의성군,고용·창업,현금,19,39,명칭,https://www.gov.kr/portal/rcvfvrSvc/dtlEx/515000000168
517000000114,장학금 지급,경상북도 영양군,보육·교육,현금(장학금),,120,본문,https://www.gov.kr/portal/rcvfvrSvc/dtlEx/517000000114
518000000130,청년구직자 자격증 응시료 지원사업,경상북도 영덕군,고용·창업,현금,19,45,명칭,https://www.gov.kr/portal/rcvfvrSvc/dtlEx/518000000130
519000000125,결혼이민자 모국방문 경비 지원,경상북도 청도군,문화·환경,현금,18,44,연령조건,https://www.gov.kr/portal/rcvfvrSvc/dtlEx/519000000125
520000000109,저소득 주민자녀 장학금 지원,경상북도 고령군,보육·교육,현금(장학금),,120,본문,https://www.gov.kr/portal/rcvfvrSvc/dtlEx/520000000109
521000000110,세자녀 이상 가정 가족사진 지원,경상북도 성주군,보육·교육,기타,18,44,연령조건,https://www.gov.kr/portal/rcvfvrSvc/dtlEx/521000000110
522000000107,저소득층자녀 장학금,경상북도 칠곡군,보육·교육,현금(장학금),,120,본문,https://www.gov.kr/portal/rcvfvrSvc/dtlEx/522000000107
522000000296,칠곡군 가족 백일해 예방접종 지원사업,경상북도 칠곡군,보건·의료,현물,18,44,연령조건,https://www.gov.kr/portal/rcvfvrSvc/dtlEx/522000000296
523000000154,청년농업인 경영개선 지원,경상북도 예천군,농림축산어업,기타,19,34,명칭,https://www.gov.kr/portal/rcvfvrSvc/dtlEx/523000000154
523000000166,임신부 초음파검사 쿠폰 지원,경상북도 예천군,생활안정,이용권,18,44,연령조건,https://www.gov.kr/portal/rcvfvrSvc/dtlEx/523000000166
524000000148,결혼 예식 장려금 지원,경상북도 봉화군,생활안정,현금,18,44,연령조건,https://www.gov.kr/portal/rcvfvrSvc/dtlEx/524000000148
524000000172,희망복지 장학금 지원,경상북도 봉화군,생활안정,현금,18,34,연령조건,https://www.gov.kr/portal/rcvfvrSvc/dtlEx/524000000172
524000000192,20대 결혼축하 혼수비용 지원,경상북도 봉화군,생활안정,현금,18,29,연령조건,https://www.gov.kr/portal/rcvfvrSvc/dtlEx/524000000192
524000000193,작지만 특별한 결혼식 지원,경상북도 봉화군,생활안정,현금,19,39,연령조건,https://www.gov.kr/portal/rcvfvrSvc/dtlEx/524000000193
534000000121,기초생활보장수급자 장학금 지원,경상남도 사천시,보육·교육,현금(장학금),14,34,본문,https://www.gov.kr/portal/rcvfvrSvc/dtlEx/534000000121
534000000137,퇴소아동 자립정착금 지원,경상남도 사천시,주거·자립,현금,18,120,본문,https://www.gov.kr/portal/rcvfvrSvc/dtlEx/534000000137
534000000202,(경상남도 사천시)전세보증금 반환보증 보증료 지원,경상남도 사천시,주거·자립,현금,18,45,연령조건,https://www.gov.kr/portal/rcvfvrSvc/dtlEx/534000000202
536000000107,밀양형 청년내일채움공제,경상남도 밀양시,고용·창업,현금,15,34,명칭,https://www.gov.kr/portal/rcvfvrSvc/dtlEx/536000000107
536000000111,전입지원금 지급,경상남도 밀양시,주거·자립,현금,,120,본문,https://www.gov.kr/portal/rcvfvrSvc/dtlEx/536000000111
537000000128,전입대학생 기숙사비 지원,경상남도 거제시,주거·자립,현금,,120,본문,https://www.gov.kr/portal/rcvfvrSvc/dtlEx/537000000128
537000001445,저소득 취약계층 산후조리비 지원,경상남도 거제시,보건·의료,이용권,18,44,연령조건,https://www.gov.kr/portal/rcvfvrSvc/dtlEx/537000001445
538000000651,양산 청년 희망 하이패스 서비스,경상남도 양산시,주거·자립,기타(교육),19,39,명칭,https://www.gov.kr/portal/rcvfvrSvc/dtlEx/538000000651
540000000114,중·고·대학생 우수 장학금,경상남도 함안군,보육·교육,현금(장학금),,120,본문,https://www.gov.kr/portal/rcvfvrSvc/dtlEx/540000000114
540000000119,대학생 기숙사비 장학금,경상남도 함안군,보육·교육,현금(장학금),,120,본문,https://www.gov.kr/portal/rcvfvrSvc/dtlEx/540000000119
540000000129,중·고·대학생 특지 장학금,경상남도 함안군,보육·교육,현금(장학금),,120,본문,https://www.gov.kr/portal/rcvfvrSvc/dtlEx/540000000129
541000000143,공공근로 일자리 제공,경상남도 창녕군,생활안정,서비스(일자리),18,64,본문,https://www.gov.kr/portal/rcvfvrSvc/dtlEx/541000000143
541000000153,전입현역병 휴가비,경상남도 창녕군,생활안정,현금,18,31,연령조건,https://www.gov.kr/portal/rcvfvrSvc/dtlEx/541000000153
541000000155,청년 및 신혼부부 주거자금 대출이자 지원,경상남도 창녕군,생활안정,현금,19,49,명칭,https://www.gov.kr/portal/rcvfvrSvc/dtlEx/541000000155
542000000117,고령 영세농업인 벼 육묘 지원,경상남도 고성군,농림축산어업,현물,70,120,본문,https://www.gov.kr/portal/rcvfvrSvc/dtlEx/542000000117
543000000103,전입 대학생 지원,경상남도 남해군,주거·자립,현금,6,34,본문,https://www.gov.kr/portal/rcvfvrSvc/dtlEx/543000000103
543000000105,여성결혼이민자 지원,경상남도 남해군,문화·환경,현금,18,44,연령조건,https://www.gov.kr/portal/rcvfvrSvc/dtlEx/543000000105
543000000112,청년 및 신혼부부 주거자금 대출이자 지원,경상남도 남해군,주거·자립,현금,19,49,명칭,https://www.gov.kr/portal/rcvfvrSvc/dtlEx/543000000112
545000000101,여성결혼이민자 기능취득비 지원,경상남도 산청군,고용·창업,현금,18,44,연령조건,https://www.gov.kr/portal/rcvfvrSvc/dtlEx/545000000101
545000000107,2자녀이상 세대 대학생 지원,경상남도 산청군,보육·교육,현금,18,30,연령조건,https://www.gov.kr/portal/rcvfvrSvc/dtlEx/545000000107
545000000111,결혼장려금 지원,경상남도 산청군,주거·자립,현금,,120,본문,https://www.gov.kr/portal/rcvfvrSvc/dtlEx/545000000111
545000000192,청년 주거자금 대출이자 지원,경상남도 산청군,주거·자립,현금,19,39,명칭,https://www.gov.kr/portal/rcvfvrSvc/dtlEx/545000000192
546000000104,산부인과 서비스 지원,경상남도 함양군,보건·의료,서비스(의료),18,44,연령조건,https://www.gov.kr/portal/rcvfvrSvc/dtlEx/546000000104
546000000115,중소기업 및 소상공인 근로자 자녀 장학금 지원,경상남도 함양군,생활안정,현금(장학금),18,64,본문,https://www.gov.kr/portal/rcvfvrSvc/dtlEx/546000000115
547000000102,결혼이민자 자격증 취득 지원,경상남도 거창군,보육·교육,현금,18,44,연령조건,https://www.gov.kr/portal/rcvfvrSvc/dtlEx/547000000102
547000000103,결혼이민자가정 고향나들이 지원,경상남도 거창군,문화·환경,현금,18,44,연령조건,https://www.gov.kr/portal/rcvfvrSvc/dtlEx/547000000103
547000000115,임신 축하기념품 지원,경상남도 거창군,보육·교육,이용권,18,44,연령조건,https://www.gov.kr/portal/rcvfvrSvc/dtlEx/547000000115
547000000134,아빠 육아휴직 장려금 지원,경상남도 거창군,보육·교육,현금,18,44,연령조건,https://www.gov.kr/portal/rcvfvrSvc/dtlEx/547000000134
547000000139,거창군 애향장려금 지원,경상남도 거창군,고용·창업,현금,18,34,연령조건,https://www.gov.kr/portal/rcvfvrSvc/dtlEx/547000000139
547000000141,청년 주택 전세자금 대출이자 지원,경상남도 거창군,주거·자립,현금(융자),19,45,명칭,https://www.gov.kr/portal/rcvfvrSvc/dtlEx/547000000141
548000000124,합천군 인구증가시책 지원,경상남도 합천군,임신·출산,현금,,120,본문,https://www.gov.kr/portal/rcvfvrSvc/dtlEx/548000000124
554000000103,셋째이상 자녀 양육비 지원,경기도 광주시,보육·교육,현금,18,44,연령조건,https://www.gov.kr/portal/rcvfvrSvc/dtlEx/554000000103
554000000110,퇴소아동 자립정착금 지원,경기도 광주시,생활안정,현금,17,18,본문,https://www.gov.kr/portal/rcvfvrSvc/dtlEx/554000000110
554000000115,경기도 광주시 다자녀 가구 감면(상·하수도),경기도 광주시,행정·안전,현금(감면),18,44,연령조건,https://www.gov.kr/portal/rcvfvrSvc/dtlEx/554000000115
554000000182,광주시 청년지원센터「더누림 플랫폼」운영,경기도 광주시,문화·환경,서비스(일자리),19,39,명칭,https://www.gov.kr/portal/rcvfvrSvc/dtlEx/554000000182
554000000183,광주시 청년지원센터 더누림 플랫폼 창업누림운영,경기도 광주시,고용·창업,기타(교육),19,39,명칭,https://www.gov.kr/portal/rcvfvrSvc/dtlEx/554000000183
554000000184,청년챙김프로젝트,경기도 광주시,보건·의료,기타(상담),19,39,명칭,https://www.gov.kr/portal/rcvfvrSvc/dtlEx/554000000184
554000000185,독립응원패키지(청년 1인가구 이사비 지원),경기도 광주시,주거·자립,기타,19,39,명칭,https://www.gov.kr/portal/rcvfvrSvc/dtlEx/554000000185
558000000304,계룡시 대학생 행정인턴,충청남도 계룡시,고용·창업,현금,,120,본문,https://www.gov.kr/portal/rcvfvrSvc/dtlEx/558000000304
559000000429,양주시 경기청년 역량강화 기회지원,경기도 양주시,고용·창업,현금,19,39,명칭,https://www.gov.kr/portal/rcvfvrSvc/dtlEx/559000000429
559000000437,양주시 청년 면접정장대여 사업 (청년옷장),경기도 양주시,고용·창업,기타,19,39,명칭,https://www.gov.kr/portal/rcvfvrSvc/dtlEx/559000000437
559000000439,양주시 청년 이력서 사진 촬영 지원 (청춘사진관),경기도 양주시,고용·창업,기타||이용권,19,39,명칭,https://www.gov.kr/portal/rcvfvrSvc/dtlEx/559000000439
559000000440,양주시 청년창업 경진대회,경기도 양주시,고용·창업,현금,19,39,명칭,https://www.gov.kr/portal/rcvfvrSvc/dtlEx/559000000440
560000000113,포천 청년 면접정장 대여(키움옷장),경기도 포천시,고용·창업,현물,19,49,명칭,https://www.gov.kr/portal/rcvfvrSvc/dtlEx/560000000113
560000000133,포천시 입영지원금,경기도 포천시,생활안정,현금,19,37,연령조건,https://www.gov.kr/portal/rcvfvrSvc/dtlEx/560000000133
560000000141,포천시 전입대학생 및 제대군인 지원금,경기도 포천시,생활안정,현금,18,120,본문,https://www.gov.kr/portal/rcvfvrSvc/dtlEx/560000000141
560000000143,포천시 청년·신혼부부 공공임대주택 주거비 지원(임대보증금),경기도 포천시,주거·자립,현금(융자),19,39,명칭,https://www.gov.kr/portal/rcvfvrSvc/dtlEx/560000000143
560000000144,포천시 청년·신혼부부 공공임대주택 주거비 지원(월 임대료),경기도 포천시,주거·자립,현금,19,120,명칭,https://www.gov.kr/portal/rcvfvrSvc/dtlEx/560000000144
567000000108,청년기술창업수당 지원,경상남도 창원시,고용·창업,기타,19,120,명칭,https://www.gov.kr/portal/rcvfvrSvc/dtlEx/567000000108
567000000116,전세보증금반환보증 보증료 지원,경상남도 창원시,주거·자립,현금,19,120,본문,https://www.gov.kr/portal/rcvfvrSvc/dtlEx/567000000116
567000000751,창원 새내기 지원금 신청,경상남도 창원시,보육·교육,현금,18,34,연령조건,https://www.gov.kr/portal/rcvfvrSvc/dtlEx/567000000751
568000000114,맞춤형 농기계 지원,충청남도 당진시,농림축산어업,현금,19,120,본문,https://www.gov.kr/portal/rcvfvrSvc/dtlEx/568000000114
568000000115,중증장애인 자산형성 지원,충청남도 당진시,생활안정,현금,18,64,본문,https://www.gov.kr/portal/rcvfvrSvc/dtlEx/568000000115
568000000338,나래옷장(청년 정장 무상 대여),충청남도 당진시,생활안정,현물,18,39,명칭,https://www.gov.kr/portal/rcvfvrSvc/dtlEx/568000000338
568000000339,나래만물상(청년생활용품 대여),충청남도 당진시,생활안정,현물,18,34,명칭,https://www.gov.kr/portal/rcvfvrSvc/dtlEx/568000000339
568000000340,청년타운 나래 스터디룸 대관 지원,충청남도 당진시,생활안정,시설이용,18,39,명칭,https://www.gov.kr/portal/rcvfvrSvc/dtlEx/568000000340
568000000343,취 ·창업 지원 사업,충청남도 당진시,고용·창업,기타(교육)||기타(상담)||현금,19,39,연령조건,https://www.gov.kr/portal/rcvfvrSvc/dtlEx/568000000343
568000000347,청년월세 지원사업,충청남도 당진시,주거·자립,현금,19,34,명칭,https://www.gov.kr/portal/rcvfvrSvc/dtlEx/568000000347
569000000363,여성장애인 양육지원금 지급,세종특별자치시,보육·교육,현금,18,44,연령조건,https://www.gov.kr/portal/rcvfvrSvc/dtlEx/569000000363
569000000389,세종시 청년 면접비 지원,세종특별자치시,고용·창업,현금,19,39,명칭,https://www.gov.kr/portal/rcvfvrSvc/dtlEx/569000000389
569000000391,세종시 면접스타일링 지원,세종특별자치시,고용·창업,현금,19,39,연령조건,https://www.gov.kr/portal/rcvfvrSvc/dtlEx/569000000391
569000000393,청년월세 지원사업 변경신청(세종시 거주),세종특별자치시,주거·자립,현금,19,34,명칭,https://www.gov.kr/portal/rcvfvrSvc/dtlEx/569000000393
569000000402,세종형 쉐어하우스 청년임대주택 보급,세종특별자치시,주거·자립,기타,18,120,명칭,https://www.gov.kr/portal/rcvfvrSvc/dtlEx/569000000402
570000000112,저소득 주민 자녀 학력향상 생활자금 지원,경기도 여주시,생활안정,현금,,120,본문,https://www.gov.kr/portal/rcvfvrSvc/dtlEx/570000000112
570000000122,청년 신혼부부 주택 전세자금 대출이자 지원,경기도 여주시,주거·자립,현금,18,39,명칭,https://www.gov.kr/portal/rcvfvrSvc/dtlEx/570000000122
570000000128,입영지원금 지급,경기도 여주시,생활안정,현금,19,40,연령조건,https://www.gov.kr/portal/rcvfvrSvc/dtlEx/570000000128
571000000116,셋째 자녀 이상 양육지원금 지원,충청북도 청주시,보육·교육,현금,18,44,연령조건,https://www.gov.kr/portal/rcvfvrSvc/dtlEx/571000000116
571000000120,청년농업인 창업 지원,충청북도 청주시,농림축산어업,현물,18,39,명칭,https://www.gov.kr/portal/rcvfvrSvc/dtlEx/571000000120
571000000124,시설퇴소아동 등 자립지원,충청북도 청주시,주거·자립,현금,17,18,본문,https://www.gov.kr/portal/rcvfvrSvc/dtlEx/571000000124
571000000139,여성장애인 가사도우미 지원,충청북도 청주시,보호·돌봄,서비스(돌봄),18,44,연령조건,https://www.gov.kr/portal/rcvfvrSvc/dtlEx/571000000139
571000000184,청년구직활동지원사업(면접비지원),충청북도 청주시,생활안정,현금,19,39,명칭,https://www.gov.kr/portal/rcvfvrSvc/dtlEx/571000000184
571000000190,청주시 청년 전세자금 대출이자 지원,충청북도 청주시,생활안정,현금,19,39,명칭,https://www.gov.kr/portal/rcvfvrSvc/dtlEx/571000000190
571000000196,청년도전지원사업,충청북도 청주시,고용·창업,기타,18,39,명칭,https://www.gov.kr/portal/rcvfvrSvc/dtlEx/571000000196
571000000197,2030 혼밥족을 위한 건강밥상,충청북도 청주시,생활안정,기타,20,39,연령조건,https://www.gov.kr/portal/rcvfvrSvc/dtlEx/571000000197
571000000199,청년성장프로젝트,충청북도 청주시,고용·창업,기타,15,39,명칭,https://www.gov.kr/portal/rcvfvrSvc/dtlEx/571000000199
571000000202,젊은 농부 육성,충청북도 청주시,농림축산어업,기타(교육),18,39,연령조건,https://www.gov.kr/portal/rcvfvrSvc/dtlEx/571000000202
571000000209,청년 정신건강 의료비 지원,충청북도 청주시,보건·의료,기타,19,39,명칭,https://www.gov.kr/portal/rcvfvrSvc/dtlEx/571000000209
571000000215,청주시 동·하계 학생근로활동,충청북도 청주시,고용·창업,기타,18,35,연령조건,https://www.gov.kr/portal/rcvfvrSvc/dtlEx/571000000215
571000000216,청주 공예창작지원센터 운영,충청북도 청주시,문화·환경,기타,19,120,본문,https://www.gov.kr/portal/rcvfvrSvc/dtlEx/571000000216
571000000217,청주시립예술단 공연 대학생 할인,충청북도 청주시,문화·환경,기타,18,35,연령조건,https://www.gov.kr/portal/rcvfvrSvc/dtlEx/571000000217
587500000001,영암형 공공주택 계약연장,전남광주통합특별시 영암군,주거·자립,현물,19,120,본문,https://www.gov.kr/portal/rcvfvrSvc/dtlEx/587500000001
611000000127,서울시 청년 월세 지원,서울특별시,주거·자립,현금,19,39,명칭,https://www.gov.kr/portal/rcvfvrSvc/dtlEx/611000000127
611000019617,서울 청년 마음건강 지원 사업,서울특별시,보호·돌봄,기타(상담),19,39,명칭,https://www.gov.kr/portal/rcvfvrSvc/dtlEx/611000019617
611000019619,희망두배 청년통장,서울특별시,생활안정,기타(상담)||현금,18,36,명칭,https://www.gov.kr/portal/rcvfvrSvc/dtlEx/611000019619
611000019620,꿈나래통장,서울특별시,보육·교육,현금,18,120,본문,https://www.gov.kr/portal/rcvfvrSvc/dtlEx/611000019620
611000019624,자녀출산 무주택가구 주거비 지원,서울특별시,임신·출산,현금,,120,본문,https://www.gov.kr/portal/rcvfvrSvc/dtlEx/611000019624
611000019626,서울런,서울특별시,보육·교육,기타(교육),6,24,본문,https://www.gov.kr/portal/rcvfvrSvc/dtlEx/611000019626
611000019633,중증장애인 자산형성지원(이룸통장),서울특별시,생활안정,현금,15,39,연령조건,https://www.gov.kr/portal/rcvfvrSvc/dtlEx/611000019633
611000019635,우먼업 구직지원금,서울특별시,고용·창업,현금,30,49,본문,https://www.gov.kr/portal/rcvfvrSvc/dtlEx/611000019635
626000000104,청년취업 정장 대여서비스 지원(드림옷장),부산광역시,고용·창업,현물,18,39,명칭,https://www.gov.kr/portal/rcvfvrSvc/dtlEx/626000000104
626000000116,보호아동자립정착금및대학등록금지원,부산광역시,주거·자립,현금,18,19,본문,https://www.gov.kr/portal/rcvfvrSvc/dtlEx/626000000116
626000000627,(변경·중지·연장 등 )부산광역시 평생함께 청년모두가 주거비 지원,부산광역시,주거·자립,현금,,120,명칭,https://www.gov.kr/portal/rcvfvrSvc/dtlEx/626000000627
626000000630,취업연수생,부산광역시,고용·창업,서비스(일자리),18,29,연령조건,https://www.gov.kr/portal/rcvfvrSvc/dtlEx/626000000630
626000000643,가임력보존지원,부산광역시,보건·의료,현금,19,44,연령조건,https://www.gov.kr/portal/rcvfvrSvc/dtlEx/626000000643
626000000648,대학생 기숙사비 지원,부산광역시,주거·자립,현금,18,65,본문,https://www.gov.kr/portal/rcvfvrSvc/dtlEx/626000000648
627000000104,환경공무직 자녀 장학금 지급,대구광역시,보육·교육,현금(장학금),,120,본문,https://www.gov.kr/portal/rcvfvrSvc/dtlEx/627000000104
627000000126,대구광역시 저소득주민 장학금 지원,대구광역시,보육·교육,현금(장학금),16,34,연령조건,https://www.gov.kr/portal/rcvfvrSvc/dtlEx/627000000126
627000000130,다문화가족 맞춤형 교육 지원,대구광역시,보육·교육,기타(교육),18,44,연령조건,https://www.gov.kr/portal/rcvfvrSvc/dtlEx/627000000130
627000000147,사각지대 다문화가족 지원,대구광역시,생활안정,서비스(돌봄),18,44,연령조건,https://www.gov.kr/portal/rcvfvrSvc/dtlEx/627000000147
627000000152,한부모가족복지시설 퇴소자 자립정착금지원,대구광역시,주거·자립,현금,18,45,연령조건,https://www.gov.kr/portal/rcvfvrSvc/dtlEx/627000000152
627000000721,청년 희망주택 대출이자 지원,대구광역시,주거·자립,현금(융자),19,39,명칭,https://www.gov.kr/portal/rcvfvrSvc/dtlEx/627000000721
627000000727,희망옷장(면접정장 무료대여),대구광역시,고용·창업,현물,17,40,연령조건,https://www.gov.kr/portal/rcvfvrSvc/dtlEx/627000000727
627000000731,예술창작공간 레지던시 프로그램,대구광역시,문화·환경,현금,25,120,본문,https://www.gov.kr/portal/rcvfvrSvc/dtlEx/627000000731
628000000171,소상공인 보증지원제도,인천광역시,고용·창업,현금(융자),,,본문,https://www.gov.kr/portal/rcvfvrSvc/dtlEx/628000000171
628000000742,"인천 전세사기 피해자 주거안정 지원사업(이자, 월세, 이사비, 보증료)",인천광역시,주거·자립,현금,,120,본문,https://www.gov.kr/portal/rcvfvrSvc/dtlEx/628000000742
628000000748,재직청년 드림for청년통장 지원,인천광역시,생활안정,현금,18,39,명칭,https://www.gov.kr/portal/rcvfvrSvc/dtlEx/628000000748
628000000758,(인천)장애인 평생교육이용권 지원,인천광역시,보육·교육,이용권,19,120,본문,https://www.gov.kr/portal/rcvfvrSvc/dtlEx/628000000758
629000000170,대학생 등 학자금 대출이자 지원,전남광주통합특별시,보육·교육,현금(융자),,120,본문,https://www.gov.kr/portal/rcvfvrSvc/dtlEx/629000000170
629000000183,한부모가족 복지시설 퇴소자 자립 지원,전남광주통합특별시,주거·자립,현금,18,44,연령조건,https://www.gov.kr/portal/rcvfvrSvc/dtlEx/629000000183
630000000116,성취 장학금 장학생 선발,대전광역시,보육·교육,현금(장학금),16,35,연령조건,https://www.gov.kr/portal/rcvfvrSvc/dtlEx/630000000116
630000000120,새마을지도자 자녀 장학금,대전광역시,보육·교육,현금(장학금),,120,본문,https://www.gov.kr/portal/rcvfvrSvc/dtlEx/630000000120
630000000122,외국인유학생 장학생 선발,대전광역시,보육·교육,현금(장학금),19,39,연령조건,https://www.gov.kr/portal/rcvfvrSvc/dtlEx/630000000122
630000000131,미래두배 청년통장,대전광역시,주거·자립,현금,18,39,명칭,https://www.gov.kr/portal/rcvfvrSvc/dtlEx/630000000131
630000000132,대전 대학생 학자금 대출 이자 지원,대전광역시,보육·교육,현금(장학금),,120,본문,https://www.gov.kr/portal/rcvfvrSvc/dtlEx/630000000132
630000000160,자립준비청년 자립정착금 지원,대전광역시,주거·자립,현금,19,20,명칭,https://www.gov.kr/portal/rcvfvrSvc/dtlEx/630000000160
630000000652,구직청년 면접용 정장 무료 대여,대전광역시,고용·창업,이용권,19,39,명칭,https://www.gov.kr/portal/rcvfvrSvc/dtlEx/630000000652
630000000661,대전형 임대주택 공급,대전광역시,주거·자립,기타,18,120,본문,https://www.gov.kr/portal/rcvfvrSvc/dtlEx/630000000661
630000000666,대전 청년성장 프로젝트(청년카페),대전광역시,고용·창업,기타(상담)||서비스(일자리)||시설이용,15,39,명칭,https://www.gov.kr/portal/rcvfvrSvc/dtlEx/630000000666
630000000667,대전청년 월세지원,대전광역시,주거·자립,현금,19,39,명칭,https://www.gov.kr/portal/rcvfvrSvc/dtlEx/630000000667
630000000668,청년 주택임차보증금 이자지원,대전광역시,주거·자립,현금(융자),19,39,명칭,https://www.gov.kr/portal/rcvfvrSvc/dtlEx/630000000668
630000000670,대전형 코업(co-op) 청년 뉴리더 인재 직무체험 제공 안내,대전광역시,고용·창업,서비스(일자리),18,39,명칭,https://www.gov.kr/portal/rcvfvrSvc/dtlEx/630000000670
630000000677,대전광역시 가족센터 주관 사회적 관계망 형성 프로그램 안내,대전광역시,주거·자립,기타,25,39,본문,https://www.gov.kr/portal/rcvfvrSvc/dtlEx/630000000677
630000000681,대전광역시 청년근로자 기숙사(대전청년하우스) 입주 안내,대전광역시,생활안정,시설이용,18,39,명칭,https://www.gov.kr/portal/rcvfvrSvc/dtlEx/630000000681
630000000686,청년만남지원사업 <연In대전> 프로그램 참가 안내,대전광역시,임신·출산,기타,25,39,명칭,https://www.gov.kr/portal/rcvfvrSvc/dtlEx/630000000686
631000000113,지역공동체일자리,울산광역시,고용·창업,서비스(일자리),18,44,연령조건,https://www.gov.kr/portal/rcvfvrSvc/dtlEx/631000000113
631000000121,여성장애인 가사도우미 지원,울산광역시,생활안정,기타,18,44,연령조건,https://www.gov.kr/portal/rcvfvrSvc/dtlEx/631000000121
631000000739,지역사회서비스 투자사업(직업능력발달서비스),울산광역시,보육·교육,이용권,14,64,본문,https://www.gov.kr/portal/rcvfvrSvc/dtlEx/631000000739
641000000124,경기도 부동산 중개보수 지원,경기도,생활안정,현금,19,120,본문,https://www.gov.kr/portal/rcvfvrSvc/dtlEx/641000000124
641000000140,경기여성 취업지원금 지원,경기도,고용·창업,서비스(일자리),35,59,본문,https://www.gov.kr/portal/rcvfvrSvc/dtlEx/641000000140
641000000159,자립준비청년 자립지원정착금 지원,경기도,생활안정,현금,16,18,명칭,https://www.gov.kr/portal/rcvfvrSvc/dtlEx/641000000159
641000000687,중소기업 청년 노동자 지원사업,경기도,고용·창업,기타,19,39,명칭,https://www.gov.kr/portal/rcvfvrSvc/dtlEx/641000000687
641000000699,소상공인 청년창업원스텝,경기도,고용·창업,현금,,,명칭,https://www.gov.kr/portal/rcvfvrSvc/dtlEx/641000000699
641000000709,일자리 우수기업 인증 및 고용환경개선 지원,경기도,고용·창업,현금,,,본문,https://www.gov.kr/portal/rcvfvrSvc/dtlEx/641000000709
641000000858,The 경기패스,경기도,생활안정,현금,35,39,본문,https://www.gov.kr/portal/rcvfvrSvc/dtlEx/641000000858
642000000669,도내 대학생 장학금 지원(등록금),강원특별자치도,보육·교육,현금(장학금),,120,본문,https://www.gov.kr/portal/rcvfvrSvc/dtlEx/642000000669
642000000682,보호아동 생활안정 지원,강원특별자치도,생활안정,현금,17,18,본문,https://www.gov.kr/portal/rcvfvrSvc/dtlEx/642000000682
642000000693,도내 대학생 장학금 지원(주거비),강원특별자치도,주거·자립,현금(장학금),,120,본문,https://www.gov.kr/portal/rcvfvrSvc/dtlEx/642000000693
642000000709,다자녀가정 대학등록금 지원,강원특별자치도,보육·교육,현금,19,24,본문,https://www.gov.kr/portal/rcvfvrSvc/dtlEx/642000000709
642000000712,강원특별자치도 청년 취업준비 쿠폰 지원,강원특별자치도,고용·창업,이용권,18,45,명칭,https://www.gov.kr/portal/rcvfvrSvc/dtlEx/642000000712
642000000722,지역사회서비스 지원,강원특별자치도,행정·안전,기타,,64,본문,https://www.gov.kr/portal/rcvfvrSvc/dtlEx/642000000722
642000000723,청년후게농 영농정착지원,강원특별자치도,농림축산어업,현금,18,45,명칭,https://www.gov.kr/portal/rcvfvrSvc/dtlEx/642000000723
642000000731,여성구직활동 지원,강원특별자치도,고용·창업,이용권,40,59,본문,https://www.gov.kr/portal/rcvfvrSvc/dtlEx/642000000731
642000000737,도내 대학생 장학금 지원(생활비),강원특별자치도,생활안정,현금(장학금),18,34,연령조건,https://www.gov.kr/portal/rcvfvrSvc/dtlEx/642000000737
643000000102,충북인재 장학금 지원(성적),충청북도,보육·교육,현금(장학금),,120,본문,https://www.gov.kr/portal/rcvfvrSvc/dtlEx/643000000102
643000000111,충북행복결혼공제,충청북도,생활안정,기타,19,39,연령조건,https://www.gov.kr/portal/rcvfvrSvc/dtlEx/643000000111
643000000116,한국장학재단 학자금대출 발생 이자액 지원,충청북도,생활안정,현금(융자),19,40,연령조건,https://www.gov.kr/portal/rcvfvrSvc/dtlEx/643000000116
643000000124,충북인재 장학금 지원(특기),충청북도,보육·교육,현금(장학금),,120,본문,https://www.gov.kr/portal/rcvfvrSvc/dtlEx/643000000124
643000000126,충북인재 장학금 지원(곰두리),충청북도,보육·교육,현금(장학금),6,24,본문,https://www.gov.kr/portal/rcvfvrSvc/dtlEx/643000000126
643000000746,충북 장애인  평생교육이용권,충청북도,보육·교육,이용권,19,36,연령조건,https://www.gov.kr/portal/rcvfvrSvc/dtlEx/643000000746
643000000755,희망디딤돌 충북센터(자립준비청년 주거서비스 지원),충청북도,주거·자립,기타(상담)||시설이용,,120,명칭,https://www.gov.kr/portal/rcvfvrSvc/dtlEx/643000000755
644000000181,새마을지도자 자녀장학금 지원,충청남도,보육·교육,현금(장학금),,120,본문,https://www.gov.kr/portal/rcvfvrSvc/dtlEx/644000000181
644000000187,다자녀 맘 산후 건강관리 지원,충청남도,생활안정,현금,18,44,연령조건,https://www.gov.kr/portal/rcvfvrSvc/dtlEx/644000000187
644000000240,2024년 충청남도 청년 주택임차보증금 이자 지원사업(연장 신청),충청남도,주거·자립,현금(융자),18,40,명칭,https://www.gov.kr/portal/rcvfvrSvc/dtlEx/644000000240
644000000853,2026년 상반기 충청남도 청년 주택임차보증금 이자 지원(2025년 선정자 대상),충청남도,주거·자립,현금,18,40,명칭,https://www.gov.kr/portal/rcvfvrSvc/dtlEx/644000000853
644000000856,충남예술인지원,충청남도,문화·환경,기타,,39,본문,https://www.gov.kr/portal/rcvfvrSvc/dtlEx/644000000856
644000000859,청년농업인 스마트팜 기술연수,충청남도,농림축산어업,기타(교육),18,45,명칭,https://www.gov.kr/portal/rcvfvrSvc/dtlEx/644000000859
644000000860,농어촌 진흥기금 이차보전(융자),충청남도,농림축산어업,현금(융자),18,120,본문,https://www.gov.kr/portal/rcvfvrSvc/dtlEx/644000000860
645000000147,전북특별자치도 농업 농촌 공익적 가치 지원(농민 공익수당),전북특별자치도,농림축산어업,현금,18,120,본문,https://www.gov.kr/portal/rcvfvrSvc/dtlEx/645000000147
645000000170,전북 청년 군복무 상해보험 가입지원,전북특별자치도,생활안정,현금(보험),18,39,명칭,https://www.gov.kr/portal/rcvfvrSvc/dtlEx/645000000170
646000000118,다둥이가정 육아용품 구입비 지원,전남광주통합특별시,보육·교육,현금,18,44,연령조건,https://www.gov.kr/portal/rcvfvrSvc/dtlEx/646000000118
646000000193,결혼이민자 국적취득비용(수수료) 지원,전남광주통합특별시,행정·안전,현금,18,44,연령조건,https://www.gov.kr/portal/rcvfvrSvc/dtlEx/646000000193
646000000206,청년농업인 농지 확보 지원 서비스,전남광주통합특별시,농림축산어업,현금,18,120,명칭,https://www.gov.kr/portal/rcvfvrSvc/dtlEx/646000000206
646000000207,경력단절여성 경력이음바우처 지원 서비스,전남광주통합특별시,고용·창업,기타,30,65,본문,https://www.gov.kr/portal/rcvfvrSvc/dtlEx/646000000207
646000000219,귀농어귀촌인 우수 창업 활성화 지원,전남광주통합특별시,생활안정,현금,18,60,본문,https://www.gov.kr/portal/rcvfvrSvc/dtlEx/646000000219
647000000102,대학생 학자금 대출이자 지원,경상북도,보육·교육,현금(감면),18,40,연령조건,https://www.gov.kr/portal/rcvfvrSvc/dtlEx/647000000102
647000000112,저소득주민자녀장학금지급,경상북도,보육·교육,현금(장학금),,120,본문,https://www.gov.kr/portal/rcvfvrSvc/dtlEx/647000000112
647000000120,공공근로,경상북도,고용·창업,서비스(일자리),18,64,본문,https://www.gov.kr/portal/rcvfvrSvc/dtlEx/647000000120
647000000138,취약계층 아동건전 육성 지원,경상북도,보육·교육,현금,,18,본문,https://www.gov.kr/portal/rcvfvrSvc/dtlEx/647000000138
647000000168,농어민수당지원,경상북도,농림축산어업,기타,18,120,본문,https://www.gov.kr/portal/rcvfvrSvc/dtlEx/647000000168
647000000190,20대 결혼 축하 혼수 비용 지원,경상북도,생활안정,현금,18,29,연령조건,https://www.gov.kr/portal/rcvfvrSvc/dtlEx/647000000190
648000001019,대학생 장학금 지원,경상남도,보육·교육,현금(장학금),,120,본문,https://www.gov.kr/portal/rcvfvrSvc/dtlEx/648000001019
648000001109,청년 문화예술패스 발급,경상남도,문화·환경,이용권,19,20,명칭,https://www.gov.kr/portal/rcvfvrSvc/dtlEx/648000001109
648000001143,새일여성인턴 취업장려금 지급,경상남도,고용·창업,현금,18,120,본문,https://www.gov.kr/portal/rcvfvrSvc/dtlEx/648000001143
648000001158,중장년 채용장려금 지원,경상남도,고용·창업,서비스(일자리),,,본문,https://www.gov.kr/portal/rcvfvrSvc/dtlEx/648000001158
650000000263,해피아이 육아지원금 지원,제주특별자치도,보육·교육,현금,18,44,연령조건,https://www.gov.kr/portal/rcvfvrSvc/dtlEx/650000000263
650000000267,통합복지기금(청소년육성계정) 장학금 지원,제주특별자치도,보육·교육,현금(장학금),17,34,연령조건,https://www.gov.kr/portal/rcvfvrSvc/dtlEx/650000000267
650000000269,"주거비 지원(신혼부부 전세이자 지원, 둘째자녀 주거임차비, 사회초년생 연월세 이자 지원)",제주특별자치도,주거·자립,현금,18,120,본문,https://www.gov.kr/portal/rcvfvrSvc/dtlEx/650000000269
650000000281,입양축하금 지원,제주특별자치도,생활안정,현금,18,44,연령조건,https://www.gov.kr/portal/rcvfvrSvc/dtlEx/650000000281
650000000307,가정위탁종료 및 시설퇴소아동 자립정착금 지원,제주특별자치도,주거·자립,현금,,17,본문,https://www.gov.kr/portal/rcvfvrSvc/dtlEx/650000000307
654000000040,전북특별자치도 신혼부부 및 청년 임대보증금 지원사업,전북특별자치도,주거·자립,현금(융자),18,120,명칭,https://www.gov.kr/portal/rcvfvrSvc/dtlEx/654000000040
832000000007,직업계고 취업플러스+ 지원,전북특별자치도교육청,보육·교육,이용권,,120,본문,https://www.gov.kr/portal/rcvfvrSvc/dtlEx/832000000007
999000000002,개별연장급여,고용노동부,고용·창업,현금,19,65,본문,https://www.gov.kr/portal/rcvfvrSvc/dtlEx/999000000002
999000000005,상병급여,고용노동부,고용·창업,현금,18,44,연령조건,https://www.gov.kr/portal/rcvfvrSvc/dtlEx/999000000005
999000000010,장애인 취업성공패키지,고용노동부,고용·창업,서비스(일자리),18,69,본문,https://www.gov.kr/portal/rcvfvrSvc/dtlEx/999000000010
999000000012,훈련연장급여,고용노동부,고용·창업,현금,18,64,본문,https://www.gov.kr/portal/rcvfvrSvc/dtlEx/999000000012
999000000021,기존주택 매입임대주택 지원사업,국토교통부,주거·자립,기타,19,120,본문,https://www.gov.kr/portal/rcvfvrSvc/dtlEx/999000000021
999000000022,기존주택 전세임대주택 지원사업,국토교통부,주거·자립,기타,19,120,본문,https://www.gov.kr/portal/rcvfvrSvc/dtlEx/999000000022
999000000026,행복주택 공급,국토교통부,주거·자립,기타,18,40,연령조건,https://www.gov.kr/portal/rcvfvrSvc/dtlEx/999000000026
999000000056,한-뉴질랜드 FTA 수산협력사업,해양수산부,농림축산어업,기타(교육),,120,본문,https://www.gov.kr/portal/rcvfvrSvc/dtlEx/999000000056
999000000090,다자녀(세 자녀 이상) 국가장학금,교육부,보육·교육,현금(장학금),18,120,본문,https://www.gov.kr/portal/rcvfvrSvc/dtlEx/999000000090
B01000300004,국민행복기금 채무상환 유예 및 연장,한국자산관리공사,생활안정,기타,19,120,본문,https://www.gov.kr/portal/rcvfvrSvc/dtlEx/B01000300004
B01000300006,국민행복기금 학자금 대출 채무조정,한국자산관리공사,생활안정,현금(감면),18,40,연령조건,https://www.gov.kr/portal/rcvfvrSvc/dtlEx/B01000300006
B27000100025,무료 소송대리 서비스(결혼이민자·귀화허가자),대한법률구조공단,행정·안전,기타(상담),18,44,연령조건,https://www.gov.kr/portal/rcvfvrSvc/dtlEx/B27000100025
B27000100029,무료 소송대리 서비스(청년미취업자 및 대학생),대한법률구조공단,행정·안전,기타(상담),,120,명칭,https://www.gov.kr/portal/rcvfvrSvc/dtlEx/B27000100029
B27000100043,무료 소송대리 서비스(미혼모·부),대한법률구조공단,행정·안전,기타(상담),18,44,연령조건,https://www.gov.kr/portal/rcvfvrSvc/dtlEx/B27000100043
B37003100003,스포츠산업 일자리 정보 및 매칭 지원,서울올림픽기념국민체육진흥공단,고용·창업,서비스(일자리),18,64,본문,https://www.gov.kr/portal/rcvfvrSvc/dtlEx/B37003100003
B37003100005,스포츠과학분야 견학 프로그램,서울올림픽기념국민체육진흥공단,보육·교육,시설이용,,120,본문,https://www.gov.kr/portal/rcvfvrSvc/dtlEx/B37003100005
B37003100011,스포츠산업 인턴십 지원,서울올림픽기념국민체육진흥공단,고용·창업,현금,,,본문,https://www.gov.kr/portal/rcvfvrSvc/dtlEx/B37003100011
B37003100015,국제심판 양성 지원,서울올림픽기념국민체육진흥공단,보육·교육,기타(교육),20,35,연령조건,https://www.gov.kr/portal/rcvfvrSvc/dtlEx/B37003100015
B50000400011,고속도로 졸음쉼터 푸드트럭 창업 지원,한국도로공사,고용·창업,서비스(일자리)||시설이용||현금(감면),20,65,본문,https://www.gov.kr/portal/rcvfvrSvc/dtlEx/B50000400011
B50000400013,청년 창업 지원,한국도로공사,고용·창업,현금,,,명칭,https://www.gov.kr/portal/rcvfvrSvc/dtlEx/B50000400013
B55117700003,항공산업분야 취업지원 프로그램,인천국제공항공사,고용·창업,서비스(일자리),,120,본문,https://www.gov.kr/portal/rcvfvrSvc/dtlEx/B55117700003
B55136400002,엑스사이언스 프로그램,한국기초과학지원연구원,보육·교육,기타(교육),8,24,본문,https://www.gov.kr/portal/rcvfvrSvc/dtlEx/B55136400002
B55139800010,전기안전기술교육,한국전기안전공사,행정·안전,기타(교육),,120,본문,https://www.gov.kr/portal/rcvfvrSvc/dtlEx/B55139800010
B55190400005,실업급여(구직급여) 수급자격 온라인 교육 서비스,한국고용정보원,고용·창업,기타(교육),19,64,본문,https://www.gov.kr/portal/rcvfvrSvc/dtlEx/B55190400005
B55201400002,구직자 직업훈련(취업지원) 및 훈련장려금 지급(한국폴리텍대학),학교법인한국폴리텍,고용·창업,현금,15,120,본문,https://www.gov.kr/portal/rcvfvrSvc/dtlEx/B55201400002
B55207000006,발전소 시설 견학(일산),한국동서발전(주),보육·교육,시설이용,18,64,본문,https://www.gov.kr/portal/rcvfvrSvc/dtlEx/B55207000006
B55214600001,중장년 생애경력설계서비스,노사발전재단,고용·창업,기타(교육)||기타(상담)||서비스(일자리)||시설이용,40,64,본문,https://www.gov.kr/portal/rcvfvrSvc/dtlEx/B55214600001
B55214900004,농지 임대 수탁 지원,한국농어촌공사,농림축산어업,현금,19,120,본문,https://www.gov.kr/portal/rcvfvrSvc/dtlEx/B55214900004
B55214900005,농지 매입 비축 지원,한국농어촌공사,농림축산어업,현금||현물,19,120,본문,https://www.gov.kr/portal/rcvfvrSvc/dtlEx/B55214900005
B55252900201,일반 상환 학자금 특별상환유예대출,한국장학재단,생활안정,현금(융자),18,35,연령조건,https://www.gov.kr/portal/rcvfvrSvc/dtlEx/B55252900201
B55252900202,푸른등대 기부장학금 지원,한국장학재단,보육·교육,현금(장학금),18,40,연령조건,https://www.gov.kr/portal/rcvfvrSvc/dtlEx/B55252900202
B55252900203,분할상환제도 지원,한국장학재단,생활안정,현금(융자),18,40,연령조건,https://www.gov.kr/portal/rcvfvrSvc/dtlEx/B55252900203
B55252900204,사회리더 대학생 멘토링,한국장학재단,보육·교육,기타(교육),,120,본문,https://www.gov.kr/portal/rcvfvrSvc/dtlEx/B55252900204
B55252900205,손해금(지연배상금) 감면,한국장학재단,생활안정,현금(감면),18,40,연령조건,https://www.gov.kr/portal/rcvfvrSvc/dtlEx/B55252900205
B55252900206,정상화(기한이익회복) 제도 지원,한국장학재단,생활안정,현금(융자),18,40,연령조건,https://www.gov.kr/portal/rcvfvrSvc/dtlEx/B55252900206
B55252900207,전자채무 승인제도 지원,한국장학재단,생활안정,기타,18,40,연령조건,https://www.gov.kr/portal/rcvfvrSvc/dtlEx/B55252900207
B55252900208,신용도판단정보 회복제도,한국장학재단,생활안정,기타,18,40,연령조건,https://www.gov.kr/portal/rcvfvrSvc/dtlEx/B55252900208
B55252900212,창업기숙사,한국장학재단,보육·교육,기타(교육),19,30,연령조건,https://www.gov.kr/portal/rcvfvrSvc/dtlEx/B55252900212
B55252900213,대학생 기숙사 지원 (대학생 연합생활관),한국장학재단,주거·자립,시설이용,18,50,본문,https://www.gov.kr/portal/rcvfvrSvc/dtlEx/B55252900213
B55252900219,학자금대출 체크카드 포인트 상환,한국장학재단,보육·교육,기타,20,30,연령조건,https://www.gov.kr/portal/rcvfvrSvc/dtlEx/B55252900219
B55252900220,지자체 학자금대출 이자지원,한국장학재단,보육·교육,현금(감면),,120,본문,https://www.gov.kr/portal/rcvfvrSvc/dtlEx/B55252900220
B55252900221,대학생 재능봉사 캠프,한국장학재단,보육·교육,기타(교육),7,120,본문,https://www.gov.kr/portal/rcvfvrSvc/dtlEx/B55252900221
B55252900222,중소기업 재직자 분할상환약정제도,한국장학재단,생활안정,현금(융자),18,40,연령조건,https://www.gov.kr/portal/rcvfvrSvc/dtlEx/B55252900222
B55252900223,분할상환약정 조건변경 제도,한국장학재단,생활안정,현금(융자),18,40,연령조건,https://www.gov.kr/portal/rcvfvrSvc/dtlEx/B55252900223
B55252900224,사회적 배려계층 상환유예제도,한국장학재단,생활안정,현금(융자),18,40,연령조건,https://www.gov.kr/portal/rcvfvrSvc/dtlEx/B55252900224
B55252900225,사망·심신장애인 학자금대출 채무면제,한국장학재단,생활안정,현금(융자),18,40,연령조건,https://www.gov.kr/portal/rcvfvrSvc/dtlEx/B55252900225
B55252900230,군 복무기간 이자면제 지원,한국장학재단,생활안정,현금(감면),18,35,연령조건,https://www.gov.kr/portal/rcvfvrSvc/dtlEx/B55252900230
B55252900231,대학생 청소년교육지원장학금,한국장학재단,보육·교육,현금(장학금),6,35,본문,https://www.gov.kr/portal/rcvfvrSvc/dtlEx/B55252900231
B55252900232,푸른등대 삼성기부장학금 지원,한국장학재단,보육·교육,현금(장학금),18,35,연령조건,https://www.gov.kr/portal/rcvfvrSvc/dtlEx/B55252900232
B55271100003,건설노동자 대부금 지원,건설근로자공제회,생활안정,현금(융자),19,64,본문,https://www.gov.kr/portal/rcvfvrSvc/dtlEx/B55271100003
B55271100007,건설노동자 대학생 장학금 지원,건설근로자공제회,보육·교육,현금(장학금),19,64,본문,https://www.gov.kr/portal/rcvfvrSvc/dtlEx/B55271100007
B55284200003,북한이탈주민 교육지원금 지원,북한이탈주민지원재단,보육·교육,현금(감면),,120,본문,https://www.gov.kr/portal/rcvfvrSvc/dtlEx/B55284200003
B55284200013,북한이탈주민 일자리성공패키지 지원,북한이탈주민지원재단,고용·창업,기타(상담)||서비스(일자리),18,120,본문,https://www.gov.kr/portal/rcvfvrSvc/dtlEx/B55284200013
B55288100004,기초생활수급자 학점은행제 학습자등록 및 학점인정신청 수수료 면제,국가평생교육진흥원,보육·교육,현금(감면),19,40,연령조건,https://www.gov.kr/portal/rcvfvrSvc/dtlEx/B55288100004
B55291900005,청소년자문단 운영 지원,한국청소년상담복지개발원,보육·교육,기타,,120,본문,https://www.gov.kr/portal/rcvfvrSvc/dtlEx/B55291900005
B55307700011,청년고용연계자금,소상공인시장진흥공단,고용·창업,현금(융자),,,명칭,https://www.gov.kr/portal/rcvfvrSvc/dtlEx/B55307700011
B55346600007,청년장병 취업상담 및 일자리지원,국방전직교육원,고용·창업,기타(상담),20,34,명칭,https://www.gov.kr/portal/rcvfvrSvc/dtlEx/B55346600007
B55370100009,햇살론유스,서민금융진흥원,생활안정,현금(융자),19,34,연령조건,https://www.gov.kr/portal/rcvfvrSvc/dtlEx/B55370100009
B55370100036,서민금융진흥원 취업성공수당,서민금융진흥원,고용·창업,현금,19,65,본문,https://www.gov.kr/portal/rcvfvrSvc/dtlEx/B55370100036
B55371400002,녹색장학사업,한국산림복지진흥원,농림축산어업,현금(장학금),,120,본문,https://www.gov.kr/portal/rcvfvrSvc/dtlEx/B55371400002
B55400900001,대‧중소기업 상생일자리 프로그램,중소벤처기업진흥공단,고용·창업,서비스(일자리),19,34,연령조건,https://www.gov.kr/portal/rcvfvrSvc/dtlEx/B55400900001
B55400900016,글로벌창업사관학교,중소벤처기업진흥공단,고용·창업,현금,,,본문,https://www.gov.kr/portal/rcvfvrSvc/dtlEx/B55400900016
B55400900023,청년창업사관학교,중소벤처기업진흥공단,고용·창업,기술지원||기타||기타(교육)||기타(상담)||시설이용||현금||현물,,,명칭,https://www.gov.kr/portal/rcvfvrSvc/dtlEx/B55400900023
B55400900028,기업인력애로센터 활용 취업지원,중소벤처기업진흥공단,고용·창업,서비스(일자리),19,120,본문,https://www.gov.kr/portal/rcvfvrSvc/dtlEx/B55400900028
B55400900031,혁신창업사업화자금(융자),중소벤처기업진흥공단,고용·창업,현금(융자),,,본문,https://www.gov.kr/portal/rcvfvrSvc/dtlEx/B55400900031
B55424400002,쌍용곰두리장학금 지원,한국장애인개발원,보육·교육,현금(장학금),18,120,본문,https://www.gov.kr/portal/rcvfvrSvc/dtlEx/B55424400002
B55462500001,온라인 진로상담(진로정보망 커리어넷),한국직업능력연구원,보육·교육,기타(상담),,120,본문,https://www.gov.kr/portal/rcvfvrSvc/dtlEx/B55462500001
B55462500002,온라인 진로심리검사(진로정보망 커리어넷),한국직업능력연구원,보육·교육,기타,,120,본문,https://www.gov.kr/portal/rcvfvrSvc/dtlEx/B55462500002
GEF000000070,여성새로일하기센터 운영지원,성평등가족부,고용·창업,상담/법률지원||서비스(일자리),18,64,본문,https://www.gov.kr/portal/rcvfvrSvc/dtlEx/GEF000000070
GES000000110,취업 후 상환 학자금대출,교육부,보육·교육,현금(융자),18,35,연령조건,https://www.gov.kr/portal/rcvfvrSvc/dtlEx/GES000000110
GMW000000140,정신건강복지센터 운영 지원,보건복지부,보건·의료,기타(상담)||상담/법률지원||의료지원,,120,본문,https://www.gov.kr/portal/rcvfvrSvc/dtlEx/GMW000000140
O00004000005,채용 우대(사회적약자),고양도시관리공사,고용·창업,서비스(일자리),19,34,연령조건,https://www.gov.kr/portal/rcvfvrSvc/dtlEx/O00004000005
O00004900004,광주시 교통약자 이동지원센터,광주도시관리공사,생활안정,기타,18,44,연령조건,https://www.gov.kr/portal/rcvfvrSvc/dtlEx/O00004900004
O00019400009,매입임대 지원(청년),대구도시개발공사,주거·자립,현금(감면),19,34,명칭,https://www.gov.kr/portal/rcvfvrSvc/dtlEx/O00019400009
O00019700012,문화시설 이용요금 감면(비슬산유스호스텔),달성군시설관리공단,문화·환경,시설이용,,120,본문,https://www.gov.kr/portal/rcvfvrSvc/dtlEx/O00019700012
O00025800006,인천대공원 주차장 이용요금 감면,인천시설공단,생활안정,시설이용,18,44,연령조건,https://www.gov.kr/portal/rcvfvrSvc/dtlEx/O00025800006
O00026200001,청년 매입임대주택 지원,인천도시공사,주거·자립,현물,19,39,명칭,https://www.gov.kr/portal/rcvfvrSvc/dtlEx/O00026200001
O00027400003,"전남개발공사 시지역(무안,광양) 만원주택 공급",전남개발공사,주거·자립,기타,18,45,연령조건,https://www.gov.kr/portal/rcvfvrSvc/dtlEx/O00027400003
O00030500003,제주삼다수재단 제주도내 초·중·고·대학생 장학금 지원,제주특별자치도개발공사,보육·교육,현금(장학금),,120,본문,https://www.gov.kr/portal/rcvfvrSvc/dtlEx/O00030500003
O00037600002,소외계층 의료서비스,강원특별자치도영월의료원,보건·의료,현금,18,44,연령조건,https://www.gov.kr/portal/rcvfvrSvc/dtlEx/O00037600002
O00039300001,원덕읍향토장학회 장학금,강원특별자치도 삼척시,보육·교육,현금(장학금),19,35,연령조건,https://www.gov.kr/portal/rcvfvrSvc/dtlEx/O00039300001
O00039900001,(재)영월장학회 장학금,강원특별자치도 영월군,보육·교육,현금(장학금),,120,본문,https://www.gov.kr/portal/rcvfvrSvc/dtlEx/O00039900001
O00042800001,태백시 향토 장학금,태백시민향토장학회,보육·교육,기타,,120,본문,https://www.gov.kr/portal/rcvfvrSvc/dtlEx/O00042800001
O00043100001,평창인재육성장학재단 장학금,강원특별자치도 평창군,보육·교육,현금(장학금),,120,본문,https://www.gov.kr/portal/rcvfvrSvc/dtlEx/O00043100001
O00043900003,2026년 경기도 장애인 평생교육이용권 지원(추가모집),경기도평생교육진흥원,보육·교육,이용권,19,120,본문,https://www.gov.kr/portal/rcvfvrSvc/dtlEx/O00043900003
O00045000002,기획공연 및 전시 관람료 할인,재단법인경기아트센터,문화·환경,기타,65,120,본문,https://www.gov.kr/portal/rcvfvrSvc/dtlEx/O00045000002
O00045400032,경기도 사회복무요원 의료비 감면,경기도의료원,보건·의료,현금(감면),19,31,연령조건,https://www.gov.kr/portal/rcvfvrSvc/dtlEx/O00045400032
O00045700009,소상공인 청년 창업 원스텝,재단법인경기도시장상권진흥원,고용·창업,현금,19,39,명칭,https://www.gov.kr/portal/rcvfvrSvc/dtlEx/O00045700009
O00045700012,전통시장 청년상인 육성,재단법인경기도시장상권진흥원,고용·창업,현금,19,39,명칭,https://www.gov.kr/portal/rcvfvrSvc/dtlEx/O00045700012
O00046400016,사회적약자 등 채용 우대,고양문화재단,고용·창업,서비스(일자리),,120,본문,https://www.gov.kr/portal/rcvfvrSvc/dtlEx/O00046400016
O00046700012,웹툰 창작 인력 양성,고양산업진흥원,보육·교육,기타(교육),18,120,본문,https://www.gov.kr/portal/rcvfvrSvc/dtlEx/O00046700012
O00047800003,광주시민장학회 장학금 지원,광주시민장학회,보육·교육,현금(장학금),12,30,본문,https://www.gov.kr/portal/rcvfvrSvc/dtlEx/O00047800003
O00049300006,다둥이 多가치 키움 서비스(저소득 다자녀 가구 지원),남양주시복지재단,보육·교육,현금,,120,본문,https://www.gov.kr/portal/rcvfvrSvc/dtlEx/O00049300006
O00049500001,부천장학재단 장학금,경기도 부천시,보육·교육,현금(장학금),,120,본문,https://www.gov.kr/portal/rcvfvrSvc/dtlEx/O00049500001
O00051300004,지역상생 장학생,재단법인시흥시인재양성재단,보육·교육,현금(장학금),16,35,연령조건,https://www.gov.kr/portal/rcvfvrSvc/dtlEx/O00051300004
O00051300015,시흥시인재양성재단 장학생 선발 안내,재단법인시흥시인재양성재단,보육·교육,현금(장학금),7,35,본문,https://www.gov.kr/portal/rcvfvrSvc/dtlEx/O00051300015
O00051900001,산단노동자자녀장학금,재단법인안산인재육성재단,보육·교육,현금(장학금),19,60,본문,https://www.gov.kr/portal/rcvfvrSvc/dtlEx/O00051900001
O00052300001,안성시민장학회 장학금 지원,재단법인안성시민장학회,보육·교육,현금(장학금),,120,본문,https://www.gov.kr/portal/rcvfvrSvc/dtlEx/O00052300001
O00053300001,양평군장학재단,양평군교육발전위원회,보육·교육,현금(장학금),18,35,연령조건,https://www.gov.kr/portal/rcvfvrSvc/dtlEx/O00053300001
O00053700001,여주시인재육성장학회 장학금,경기도 여주시,보육·교육,현금(장학금),,120,본문,https://www.gov.kr/portal/rcvfvrSvc/dtlEx/O00053700001
O00054000001,오산교육재단 장학금,재단법인오산교육재단,보육·교육,현금(장학금),,120,본문,https://www.gov.kr/portal/rcvfvrSvc/dtlEx/O00054000001
O00055100001,의왕시인재육성재단 장학금,재단법인의왕시인재육성재단,보육·교육,현금(장학금),,120,본문,https://www.gov.kr/portal/rcvfvrSvc/dtlEx/O00055100001
O00055100002,소상공인 자녀 장학금,재단법인의왕시인재육성재단,보육·교육,현금(장학금),,,본문,https://www.gov.kr/portal/rcvfvrSvc/dtlEx/O00055100002
O00057500001,하남교육재단 장학금,재단법인하남교육재단,보육·교육,현금(장학금),,120,본문,https://www.gov.kr/portal/rcvfvrSvc/dtlEx/O00057500001
O00058400001,화성 into 테크노폴,화성시인재육성재단,보육·교육,현금(장학금),,120,본문,https://www.gov.kr/portal/rcvfvrSvc/dtlEx/O00058400001
O00058400003,화성시장학관지원사업,화성시인재육성재단,주거·자립,시설이용,18,120,본문,https://www.gov.kr/portal/rcvfvrSvc/dtlEx/O00058400003
O00058400005,화성시 학생 장학금 지원,화성시인재육성재단,보육·교육,현금||현금(장학금),7,45,본문,https://www.gov.kr/portal/rcvfvrSvc/dtlEx/O00058400005
O00060700001,거창군장학회 장학금,재단법인거창군장학회,보육·교육,현금(장학금),,120,본문,https://www.gov.kr/portal/rcvfvrSvc/dtlEx/O00060700001
O00066100001,경북농민사관학교 교육지원,재단법인경상북도농식품유통교육진흥원,보육·교육,기타(교육),18,120,본문,https://www.gov.kr/portal/rcvfvrSvc/dtlEx/O00066100001
O00066100002,농업마이스터대학운영지원,재단법인경상북도농식품유통교육진흥원,보육·교육,기타(교육),19,120,본문,https://www.gov.kr/portal/rcvfvrSvc/dtlEx/O00066100002
O00067200001,경상북도 소상공인 육성자금,경북신용보증재단,고용·창업,현금(융자),,,본문,https://www.gov.kr/portal/rcvfvrSvc/dtlEx/O00067200001
O00069600001,영덕군교육발전위원회 장학금,영덕군교육발전위원회,보육·교육,현금(장학금),,120,본문,https://www.gov.kr/portal/rcvfvrSvc/dtlEx/O00069600001
O00070900001,의성군장학회 장학금,경상북도 의성군,보육·교육,현금(장학금),,120,본문,https://www.gov.kr/portal/rcvfvrSvc/dtlEx/O00070900001
O00075700001,(재)대구동구교육재단 장학금,(재)대구동구교육재단,보육·교육,현금(장학금),,120,본문,https://www.gov.kr/portal/rcvfvrSvc/dtlEx/O00075700001
O00080500001,남도장학회 장학금,남도장학회,보육·교육,현금(장학금),18,40,연령조건,https://www.gov.kr/portal/rcvfvrSvc/dtlEx/O00080500001
O00080700001,부산진구장학회 장학금,재단법인부산진구장학회,보육·교육,현금(장학금),,120,본문,https://www.gov.kr/portal/rcvfvrSvc/dtlEx/O00080700001
O00080900001,부산북구장학회 장학금,부산광역시 북구,보육·교육,현금(장학금),,120,본문,https://www.gov.kr/portal/rcvfvrSvc/dtlEx/O00080900001
O00081100001,부산서구장학회 장학금,부산서구장학회,보육·교육,현금(장학금),,120,본문,https://www.gov.kr/portal/rcvfvrSvc/dtlEx/O00081100001
O00081200001,수영구장학재단 장학금,수영구장학재단,보육·교육,현금(장학금),,120,본문,https://www.gov.kr/portal/rcvfvrSvc/dtlEx/O00081200001
O00082800004,청년 골목창업 지원,서울신용보증재단,고용·창업,기타(교육),,,명칭,https://www.gov.kr/portal/rcvfvrSvc/dtlEx/O00082800004
O00084500001,인재육성 및 구로장학생등,구로구장학회,보육·교육,현금(장학금),,120,본문,https://www.gov.kr/portal/rcvfvrSvc/dtlEx/O00084500001
O00085100002,노원문화예술회관 기획공연 티켓 할인,(재)노원문화재단,문화·환경,현금(감면),,120,본문,https://www.gov.kr/portal/rcvfvrSvc/dtlEx/O00085100002
O00085100003,노원어린이극장 기획공연 티켓 할인,(재)노원문화재단,문화·환경,현금(감면),,120,본문,https://www.gov.kr/portal/rcvfvrSvc/dtlEx/O00085100003
O00086200001,서초다산장학재단 장학금,서울특별시 서초구,보육·교육,현금(장학금),,120,본문,https://www.gov.kr/portal/rcvfvrSvc/dtlEx/O00086200001
O00087000001,송파구인재육성장학재단 장학금 지원,서울특별시 송파구,보육·교육,현금(장학금),,120,본문,https://www.gov.kr/portal/rcvfvrSvc/dtlEx/O00087000001
O00087700002,"일반, 특기 장학금",재단법인은평구민장학재단,보육·교육,현금(장학금),6,34,본문,https://www.gov.kr/portal/rcvfvrSvc/dtlEx/O00087700002
O00087700003,지역사회기여 장학금,재단법인은평구민장학재단,생활안정,현금(장학금),18,34,연령조건,https://www.gov.kr/portal/rcvfvrSvc/dtlEx/O00087700003
O00087800001,청년창업센터 지원,서울특별시 종로구,고용·창업,서비스(일자리),19,39,명칭,https://www.gov.kr/portal/rcvfvrSvc/dtlEx/O00087800001
O00088400001,다문화가정·북한이탈주민 장학금,재단법인세종특별자치시인재육성평생교육진흥원,보육·교육,현금(장학금),,120,본문,https://www.gov.kr/portal/rcvfvrSvc/dtlEx/O00088400001
O00088400002,공익발전기여 장학금,재단법인세종특별자치시인재육성평생교육진흥원,보육·교육,현금(장학금),,120,본문,https://www.gov.kr/portal/rcvfvrSvc/dtlEx/O00088400002
O00088400004,모범(대학생) 장학금,재단법인세종특별자치시인재육성평생교육진흥원,보육·교육,현금(장학금),,120,본문,https://www.gov.kr/portal/rcvfvrSvc/dtlEx/O00088400004
O00088400005,학자금 원금상환 지원,재단법인세종특별자치시인재육성평생교육진흥원,생활안정,현금(융자),,120,본문,https://www.gov.kr/portal/rcvfvrSvc/dtlEx/O00088400005
O00088400006,장애인 면학 장학금,재단법인세종특별자치시인재육성평생교육진흥원,보육·교육,현금(장학금),,120,본문,https://www.gov.kr/portal/rcvfvrSvc/dtlEx/O00088400006
O00088400007,장애인 특기적성 장학금,재단법인세종특별자치시인재육성평생교육진흥원,보육·교육,현금(장학금),,120,본문,https://www.gov.kr/portal/rcvfvrSvc/dtlEx/O00088400007
O00088400009,특기적성 장학금,재단법인세종특별자치시인재육성평생교육진흥원,보육·교육,현금(장학금),,120,본문,https://www.gov.kr/portal/rcvfvrSvc/dtlEx/O00088400009
O00088400012,긴급복지지원 장학금,재단법인세종특별자치시인재육성평생교육진흥원,보육·교육,현금(장학금),,120,본문,https://www.gov.kr/portal/rcvfvrSvc/dtlEx/O00088400012
O00089500002,생활장학금,울산연구원,보육·교육,현금(장학금),6,120,본문,https://www.gov.kr/portal/rcvfvrSvc/dtlEx/O00089500002
O00089500004,다자녀 장학금,울산연구원,보육·교육,현금(장학금),18,40,연령조건,https://www.gov.kr/portal/rcvfvrSvc/dtlEx/O00089500004
O00091000004,SK행복 장학금,(재)인천인재평생교육진흥원,보육·교육,현금(장학금),,120,본문,https://www.gov.kr/portal/rcvfvrSvc/dtlEx/O00091000004
O00091000006,인천대교 희망장학금,(재)인천인재평생교육진흥원,보육·교육,현금(장학금),18,40,연령조건,https://www.gov.kr/portal/rcvfvrSvc/dtlEx/O00091000006
O00091000007,다자녀 가정지원 장학금,(재)인천인재평생교육진흥원,보육·교육,현금(장학금),,120,본문,https://www.gov.kr/portal/rcvfvrSvc/dtlEx/O00091000007
O00091000010,인천 자립준비청년 지원 장학금,(재)인천인재평생교육진흥원,보육·교육,현금(장학금),,120,명칭,https://www.gov.kr/portal/rcvfvrSvc/dtlEx/O00091000010
O00091000012,북한이탈주민 장학금,(재)인천인재평생교육진흥원,보육·교육,현금(장학금),,120,본문,https://www.gov.kr/portal/rcvfvrSvc/dtlEx/O00091000012
O00091900001,서동이장학회 장학금,인천광역시 서해구,보육·교육,현금(장학금),6,35,본문,https://www.gov.kr/portal/rcvfvrSvc/dtlEx/O00091900001
O00092900001,공공의료서비스,전남광주통합특별시강진의료원,보건·의료,서비스(의료),18,44,연령조건,https://www.gov.kr/portal/rcvfvrSvc/dtlEx/O00092900001
O00093300002,전남 중소기업 면접비 지원,재단법인전남광주통합특별시중소기업일자리경제진흥원,고용·창업,현금,19,34,연령조건,https://www.gov.kr/portal/rcvfvrSvc/dtlEx/O00093300002
O00094000002,청년 일자리 매칭 및 인건비 지원,(재)녹색에너지연구원,고용·창업,기타(교육)||서비스(일자리),18,39,명칭,https://www.gov.kr/portal/rcvfvrSvc/dtlEx/O00094000002
O00095200001,곡성군 장학·격려사업,재단법인곡성군미래교육재단,보육·교육,현금(장학금),,120,본문,https://www.gov.kr/portal/rcvfvrSvc/dtlEx/O00095200001
O00096800001,우리지역 성적우수 대학생 장학금,재단법인목포인재육성재단,보육·교육,현금(장학금),18,40,연령조건,https://www.gov.kr/portal/rcvfvrSvc/dtlEx/O00096800001
O00096800002,희망장학금 대학생 지원,재단법인목포인재육성재단,보육·교육,현금(장학금),18,40,연령조건,https://www.gov.kr/portal/rcvfvrSvc/dtlEx/O00096800002
O00096800003,자립 지원 장학금,재단법인목포인재육성재단,주거·자립,현금(장학금),18,40,연령조건,https://www.gov.kr/portal/rcvfvrSvc/dtlEx/O00096800003
O00099500001,장흥군인재육성 장학금 지원,전남광주통합특별시 장흥군,보육·교육,현금(장학금),6,19,본문,https://www.gov.kr/portal/rcvfvrSvc/dtlEx/O00099500001
O00100800001,여성 직업교육훈련,(재)전북여성가족재단,보육·교육,기타(교육),19,64,본문,https://www.gov.kr/portal/rcvfvrSvc/dtlEx/O00100800001
O00100800002,여성 집단상담 프로그램,(재)전북여성가족재단,고용·창업,기타(상담)||서비스(일자리),19,64,본문,https://www.gov.kr/portal/rcvfvrSvc/dtlEx/O00100800002
O00100800004,새일여성인턴,(재)전북여성가족재단,고용·창업,현금,19,64,본문,https://www.gov.kr/portal/rcvfvrSvc/dtlEx/O00100800004
O00101000003,전북특별자치도 향토인재 장학금,재단법인전북특별자치도평생교육장학진흥원,보육·교육,현금(장학금),19,35,연령조건,https://www.gov.kr/portal/rcvfvrSvc/dtlEx/O00101000003
O00101000008,전북특별자치도 꿈키움 장학금,재단법인전북특별자치도평생교육장학진흥원,보육·교육,현금(장학금),9,24,본문,https://www.gov.kr/portal/rcvfvrSvc/dtlEx/O00101000008
O00101000010,전북특별자치도 토박이 장학금,재단법인전북특별자치도평생교육장학진흥원,보육·교육,현금(장학금),19,35,연령조건,https://www.gov.kr/portal/rcvfvrSvc/dtlEx/O00101000010
O00101000012,JB선도산업 육성방안 탐구지원,재단법인전북특별자치도평생교육장학진흥원,보육·교육,현금(장학금),19,35,연령조건,https://www.gov.kr/portal/rcvfvrSvc/dtlEx/O00101000012
O00101000013,전북특별자치도 대학(원)생 지역발전 정책제안 발표대회,재단법인전북특별자치도평생교육장학진흥원,보육·교육,현금,19,120,본문,https://www.gov.kr/portal/rcvfvrSvc/dtlEx/O00101000013
O00101100006,지역거점형 콘텐츠기업지원센터[전북] 운영,재단법인전북특별자치도콘텐츠융합진흥원,고용·창업,현금,,,본문,https://www.gov.kr/portal/rcvfvrSvc/dtlEx/O00101100006
O00101100007,전북 레드콘 음악창작소 운영 지원,재단법인전북특별자치도콘텐츠융합진흥원,문화·환경,기술지원||기타||기타(교육)||시설이용||현금,,120,본문,https://www.gov.kr/portal/rcvfvrSvc/dtlEx/O00101100007
O00102100001,예술체육기능상업과학분야 지역인재 장학금 지원,전북특별자치도 군산시,보육·교육,현금,,120,본문,https://www.gov.kr/portal/rcvfvrSvc/dtlEx/O00102100001
O00102400008,김제사랑장학생 선발,전북특별자치도 김제시,보육·교육,현금(장학금),6,38,본문,https://www.gov.kr/portal/rcvfvrSvc/dtlEx/O00102400008
O00104700001,애향장학생 장학금,전북특별자치도 임실군,보육·교육,현금(장학금),,120,본문,https://www.gov.kr/portal/rcvfvrSvc/dtlEx/O00104700001
O00105400004,디지털 융합(AI) 웹 & 앱 전문개발자 양성과정 및 디지털 영상기술 전문인력 양성과정,전주정보문화산업진흥원,보육·교육,기타(교육),15,39,연령조건,https://www.gov.kr/portal/rcvfvrSvc/dtlEx/O00105400004
O00105400007,전주ICT이노베이션스퀘어 인공지능(AI) 전문인력양성과정,전주정보문화산업진흥원,보육·교육,기타(교육),18,64,본문,https://www.gov.kr/portal/rcvfvrSvc/dtlEx/O00105400007
O00105400008,"전주ICT이노베이션스퀘어 블록체인, 데이터, IoT 전문인력양성과정",전주정보문화산업진흥원,보육·교육,기타(교육),18,64,본문,https://www.gov.kr/portal/rcvfvrSvc/dtlEx/O00105400008
O00105400009,웹 & 앱 전문 디자인 크리에이터 양성과정,전주정보문화산업진흥원,보육·교육,기타(교육),15,35,연령조건,https://www.gov.kr/portal/rcvfvrSvc/dtlEx/O00105400009
O00105400010,디지털 융합기반 웹 & 앱 전문개발자 양성과정,전주정보문화산업진흥원,보육·교육,기타(교육),18,35,연령조건,https://www.gov.kr/portal/rcvfvrSvc/dtlEx/O00105400010
O00105500001,지역우수인재 장학생 선발,(재)전주인재육성재단,보육·교육,현금(장학금),16,34,연령조건,https://www.gov.kr/portal/rcvfvrSvc/dtlEx/O00105500001
O00105600001,전주시금융복지상담소 빚대물림방지 법률서비스 지원,전주시복지재단전주사람,생활안정,기타(상담),,24,본문,https://www.gov.kr/portal/rcvfvrSvc/dtlEx/O00105600001
O00106100001,창업 두드림 특별보증(DO DREAM),제주신용보증재단,고용·창업,현금(융자),,,본문,https://www.gov.kr/portal/rcvfvrSvc/dtlEx/O00106100001
O00107400001,다누리사업,충청남도천안의료원,보건·의료,서비스(의료),18,44,연령조건,https://www.gov.kr/portal/rcvfvrSvc/dtlEx/O00107400001
O00107400013,가정간호사업,충청남도천안의료원,보건·의료,서비스(의료),18,44,연령조건,https://www.gov.kr/portal/rcvfvrSvc/dtlEx/O00107400013
O00107500001,재능키움 장학서비스,재단법인충청남도평생교육인재육성진흥원,보육·교육,현금(장학금),18,40,연령조건,https://www.gov.kr/portal/rcvfvrSvc/dtlEx/O00107500001
O00108000001,기업가형 소상공인 육성지원,재단법인충남경제진흥원,고용·창업,기타,,,본문,https://www.gov.kr/portal/rcvfvrSvc/dtlEx/O00108000001
O00109000005,충남형 일자리 소통공간,재단법인충남경제진흥원,고용·창업,기타(교육)||기타(상담)||서비스(일자리),19,64,본문,https://www.gov.kr/portal/rcvfvrSvc/dtlEx/O00109000005
O00109000017,구직자 면접수당 지원,재단법인충남경제진흥원,고용·창업,서비스(일자리),19,34,연령조건,https://www.gov.kr/portal/rcvfvrSvc/dtlEx/O00109000017
O00110200001,논산시장학회 장학금,재단법인논산시장학회,보육·교육,현금(장학금),,120,본문,https://www.gov.kr/portal/rcvfvrSvc/dtlEx/O00110200001
O00110800001,만세보령장학회 장학금,충청남도 보령시,보육·교육,현금(장학금),,120,본문,https://www.gov.kr/portal/rcvfvrSvc/dtlEx/O00110800001
O00110900001,부여군굿뜨래장학회 장학금,충청남도 부여군,보육·교육,현금(장학금),,120,본문,https://www.gov.kr/portal/rcvfvrSvc/dtlEx/O00110900001
O00111200001,서산인재육성재단 장학금,충청남도 서산시,보육·교육,현금(장학금),,120,본문,https://www.gov.kr/portal/rcvfvrSvc/dtlEx/O00111200001
O00112300001,초·중·고·대학생 장학금 지원(학자금 지원 등),(재)천안사랑장학재단,보육·교육,현금(장학금),,120,본문,https://www.gov.kr/portal/rcvfvrSvc/dtlEx/O00112300001
O00113200001,태안군사랑장학회 장학금,태안군사랑장학회,보육·교육,현금(장학금),,120,본문,https://www.gov.kr/portal/rcvfvrSvc/dtlEx/O00113200001
O00113600007,청년예술지원,(재)충북문화재단,문화·환경,현금,19,39,명칭,https://www.gov.kr/portal/rcvfvrSvc/dtlEx/O00113600007
O00114000001,(재)충북인재평생교육진흥원 장학금,재단법인충북인재평생교육진흥원,보육·교육,현금(장학금),,120,본문,https://www.gov.kr/portal/rcvfvrSvc/dtlEx/O00114000001
O00114500001,지역 우수인재 대학 면학지원,재단법인충북학사,보육·교육,기타(교육)||시설이용,18,40,연령조건,https://www.gov.kr/portal/rcvfvrSvc/dtlEx/O00114500001
O00115600001,(재)영동군민장학회 장학금,영동군민장학회,보육·교육,현금(장학금),,120,본문,https://www.gov.kr/portal/rcvfvrSvc/dtlEx/O00115600001
O00115700001,옥천군장학회 장학금,충청북도 옥천군,보육·교육,현금(장학금),,120,본문,https://www.gov.kr/portal/rcvfvrSvc/dtlEx/O00115700001
O00116200001,제천시인재육성재단 장학금 지급,(재)제천시인재육성재단,보육·교육,현금(장학금),,120,본문,https://www.gov.kr/portal/rcvfvrSvc/dtlEx/O00116200001
O00116200002,인재육성 교육 지원,(재)제천시인재육성재단,보육·교육,기타(교육),7,19,본문,https://www.gov.kr/portal/rcvfvrSvc/dtlEx/O00116200002
O00116800001,(재)진천군장학회 장학금,충청북도 진천군,보육·교육,현금(장학금),,120,본문,https://www.gov.kr/portal/rcvfvrSvc/dtlEx/O00116800001
O00168400001,전남 구직자 자격증 취득지원,재단법인전남광주통합특별시중소기업일자리경제진흥원,고용·창업,서비스(일자리)||현금,18,120,본문,https://www.gov.kr/portal/rcvfvrSvc/dtlEx/O00168400001
O00388400004,강원특별자치도 청년·대학생 학자금대출 이자지원,재단법인강원인재원,보육·교육,현금(융자),18,34,명칭,https://www.gov.kr/portal/rcvfvrSvc/dtlEx/O00388400004
PTR000052170,경력단절 여성과학기술인 복귀 지원,과학기술정보통신부,고용·창업,상담/법률지원||서비스(일자리),18,44,연령조건,https://www.gov.kr/portal/rcvfvrSvc/dtlEx/PTR000052170
SD0000003276,"고용창출장려금(일자리 함께하기, 국내복귀기업 지원, 신중년 적합직무 지원)",고용노동부,고용·창업,현금,,,본문,https://www.gov.kr/portal/rcvfvrSvc/dtlEx/SD0000003276
SD0000003485,"농업종합자금 지원 (원예, 축산, 가공사업 등)",농림축산식품부,농림축산어업,현금(융자),18,120,본문,https://www.gov.kr/portal/rcvfvrSvc/dtlEx/SD0000003485
SD0000003857,고용촉진장려금,고용노동부,고용·창업,현금,,,본문,https://www.gov.kr/portal/rcvfvrSvc/dtlEx/SD0000003857
SD0000003995,사회 소외계층 대상 금융수수료 면제,과학기술정보통신부,행정·안전,현금(감면),19,120,본문,https://www.gov.kr/portal/rcvfvrSvc/dtlEx/SD0000003995
SD0000004508,국가장학금 Ⅰ유형 (학생직접지원형),교육부,보육·교육,현금(장학금),18,34,연령조건,https://www.gov.kr/portal/rcvfvrSvc/dtlEx/SD0000004508
SD0000010100,과원규모화,농림축산식품부,농림축산어업,현금(융자),18,120,본문,https://www.gov.kr/portal/rcvfvrSvc/dtlEx/SD0000010100
SD0000010578,농어촌 출신 대학(원)생 학자금 융자 지원 (무이자),농림축산식품부,보육·교육,현금(융자),18,34,연령조건,https://www.gov.kr/portal/rcvfvrSvc/dtlEx/SD0000010578
SD0000011848,청년내일채움공제,고용노동부,고용·창업,현금,15,34,명칭,https://www.gov.kr/portal/rcvfvrSvc/dtlEx/SD0000011848
SME000000110,미숙아 및 선천성이상아 의료비 지원,보건복지부,보건·의료,의료지원||현금,18,44,연령조건,https://www.gov.kr/portal/rcvfvrSvc/dtlEx/SME000000110
SPE000000080,중증장애인직업재활 지원(훈련수당),보건복지부,고용·창업,현금,15,40,연령조건,https://www.gov.kr/portal/rcvfvrSvc/dtlEx/SPE000000080
SSI000000020,한부모가족 아동양육비 지원,성평등가족부,보육·교육,현금,18,120,본문,https://www.gov.kr/portal/rcvfvrSvc/dtlEx/SSI000000020
WII000000450,입양가정위탁아동 심리치료 지원,보건복지부,보건·의료,서비스(의료)||의료지원,18,44,연령조건,https://www.gov.kr/portal/rcvfvrSvc/dtlEx/WII000000450
